-- phpMyAdmin SQL Dump
-- version 5.2.1
-- https://www.phpmyadmin.net/
--
-- Host: 127.0.0.1
-- Generation Time: Dec 09, 2025 at 07:06 AM
-- Server version: 10.4.32-MariaDB
-- PHP Version: 8.2.12

SET SQL_MODE = "NO_AUTO_VALUE_ON_ZERO";
START TRANSACTION;
SET time_zone = "+00:00";


/*!40101 SET @OLD_CHARACTER_SET_CLIENT=@@CHARACTER_SET_CLIENT */;
/*!40101 SET @OLD_CHARACTER_SET_RESULTS=@@CHARACTER_SET_RESULTS */;
/*!40101 SET @OLD_COLLATION_CONNECTION=@@COLLATION_CONNECTION */;
/*!40101 SET NAMES utf8mb4 */;

--
-- Database: `klapis`
--

-- --------------------------------------------------------

--
-- Table structure for table `admin`
--

CREATE TABLE `admin` (
  `user_id` int(11) NOT NULL,
  `user_name` varchar(255) NOT NULL,
  `user_number` text NOT NULL,
  `pin` varchar(255) NOT NULL,
  `date` text NOT NULL
) ENGINE=InnoDB DEFAULT CHARSET=utf8mb4 COLLATE=utf8mb4_general_ci;

--
-- Dumping data for table `admin`
--

INSERT INTO `admin` (`user_id`, `user_name`, `user_number`, `pin`, `date`) VALUES
(1, 'admin', '1234567890', '$2y$10$2ruJl8qiCbabSBOw0i6/p.1d7BiyCYvnHXPGpEqt6ZiVMEuy1XW9W', '08-27-2023 05:31 PM');

-- --------------------------------------------------------

--
-- Table structure for table `banner`
--

CREATE TABLE `banner` (
  `bn_id` int(11) NOT NULL,
  `image` text NOT NULL,
  `date` int(11) NOT NULL
) ENGINE=InnoDB DEFAULT CHARSET=utf8mb4 COLLATE=utf8mb4_general_ci;

--
-- Dumping data for table `banner`
--

INSERT INTO `banner` (`bn_id`, `image`, `date`) VALUES
(9, 'data:image/jpeg;base64,/9j/4AAQSkZJRgABAQAAAQABAAD/4gHYSUNDX1BST0ZJTEUAAQEAAAHIAAAAAAQwAABtbnRyUkdCIFhZWiAH4AABAAEAAAAAAABhY3NwAAAAAAAAAAAAAAAAAAAAAAAAAAAAAAAAAAAAAQAA9tYAAQAAAADTLQAAAAAAAAAAAAAAAAAAAAAAAAAAAAAAAAAAAAAAAAAAAAAAAAAAAAAAAAAAAAAAAAAAAAlkZXNjAAAA8AAAACRyWFlaAAABFAAAABRnWFlaAAABKAAAABRiWFlaAAABPAAAABR3dHB0AAABUAAAABRyVFJDAAABZAAAAChnVFJDAAABZAAAAChiVFJDAAABZAAAAChjcHJ0AAABjAAAADxtbHVjAAAAAAAAAAEAAAAMZW5VUwAAAAgAAAAcAHMAUgBHAEJYWVogAAAAAAAAb6IAADj1AAADkFhZWiAAAAAAAABimQAAt4UAABjaWFlaIAAAAAAAACSgAAAPhAAAts9YWVogAAAAAAAA9tYAAQAAAADTLXBhcmEAAAAAAAQAAAACZmYAAPKnAAANWQAAE9AAAApbAAAAAAAAAABtbHVjAAAAAAAAAAEAAAAMZW5VUwAAACAAAAAcAEcAbwBvAGcAbABlACAASQBuAGMALgAgADIAMAAxADb/2wBDAAMCAgICAgMCAgIDAwMDBAYEBAQEBAgGBgUGCQgKCgkICQkKDA8MCgsOCwkJDRENDg8QEBEQCgwSExIQEw8QEBD/2wBDAQMDAwQDBAgEBAgQCwkLEBAQEBAQEBAQEBAQEBAQEBAQEBAQEBAQEBAQEBAQEBAQEBAQEBAQEBAQEBAQEBAQEBD/wAARCAH0BAADASIAAhEBAxEB/8QAHgABAAAHAQEBAAAAAAAAAAAAAAECAwQHCAkFBgr/xABnEAABAgQCBgMGCxIIDAUFAQABAAIDBAURBgcIEiExUWETQXEJIoGRsbIUFhgyN1N0daGz0RUXIzQ1NkJSVldicnOSk5TB0kRVZGWVo8LDJCUnM0NFRmOCouHwKDhHVIMZJpbT8YX/xAAcAQEAAAcBAAAAAAAAAAAAAAAAAQIDBAUGBwj/xABOEQACAQICBQQLDQYFBQEBAQAAAQIDBAURBhIhMVFBYXGxBxMiMjVygZGhstEUFSMzNEJSU3OCksHCFhc2VGLiQ5Oi4fAkJURF0mMI8f/aAAwDAQACEQMRAD8AwEiIr086BERAEREAREQBERAEREAREQBERAEREAREQBERAEREAREQBERAEREAREQBERAEREAREQBERAEREAREQBERAEREAREQBERAEREAREQBERAEREAREQBERAEREAREQBERAEREAREQBERAEREAREQBERAEREAREQBERAEREAREQBERAEREAREQBERAEREAREQBERAEREAREQBERAEREAREQBERAEREAREQBERAEREAREQBERAEREAREQBERAEREAREQBERAEREAREQBERAEREAREQBERAEREAREQBERAEREAREQBERAEREAREQBERAEREAREQBERAEREAREQBERAEREAREQBERAEREAREQBERAEREAREQBERAEREAREQBERAEREAREQBERAEREAREQBERAEREAREQBERAEREAREQBERAEREAREQBERAEREAREQBERAEREAREQBERAEREAREQBERAEREAREQBERAEREAREQBERAEREAREQBERAEREAREQBERAEREAREQBERAEREAREQBERAEREAREQBERAEREAREQBERAEREAREQBERAEREAREQBERAEREAREQBERAEREAREQBERAEREAREQBERAEREAREQBERAEREAREQBFC4UNbkhHImRS6xTWQZEygpdbmoawQjkT3HFLjipNbkoaxQZFTWCawVPWPFNY8UI6pU1glwqeseKaxQhqlS44pccVT1lHW5IMioip6yjrc0GROik1uajrIQyJkUAQVFCAREQBERAEREAREQBERAEREAREQBERAEREAREQBERAEREAREQBERAEREAREQBERAEREAREQBERAEREAREQBERAEREAREQBERAEREAREQBERAEREAREQBERAEREAREQBERAEREAREQBERAEREAREQBERAEREAREQBERAEREAREQBERAEREAREQBERAEREAREQBERAQJsoEkqBKlJQmSIkgKFzxUpNutSl6E6iTl3NQ1gqReBvKlMUIRUMysXhNdW5jc7KXpeLkJtQudcqUv5q2MbmVKYw4oTajLvpBxUOkHFWZjKHTc0I9rZe9JzUdfmrLpkEfmg7Wy+6Tmo65Vl0w4qYRhxKENRl3rqOurURvwlOIqEuoXAcCprnircRBxU4cUJdUrA8VMCqQIKmBQlaKqKUFTISMIiIQCIiAIiIAiIgCIiAIiIAiIgCIiAIiIAiIgCIiAIiIAiIgCIiAIiIAiIgCIiAIiIAiIgCIiAIiIAiIgCIiAIiIAiIgCIiAIiIAiIgCIiAIiIAiIgCIiAIiIAiIgCIiAIiIAiIgCIiAIiIAiIgCIiAIiIAiIgCIiAIiIAiIgCIiAIiIAiIgCIiAIiheyAipSUJUhN0JkgTdSF2xHOsbBUnxLdqFRRIueBvVF8XmpHxbdatoka3WhXhTzK7oqpuj81ZxJkA2uqD5rmoZlzGhmX7o9utSGY5rzXzfNUnTW3eoZldWx6hmRxUhmedl5Tpz8JU3To4pmVFbHrmZ/CUPRJ+2Xq5YYKqOZOK5egyYc2A20WcjAX6KCCLnt22HNbQZr6N1GmsFQBhikwZGpScAGWdDbYxrD1kQ9ZI6+Ks697ToTUJb36DdsB7H2JaQYfVxC2yShuT3za3qPQvTsNShNHrKmEz+EvHmIkeTmIkpNQ3Qo0F5hxGOFi1w2EEcVKJ3mrvWNOlaODcZLJo9wTI4qYTHNeGJwHrVRs4OKZlJ22R7jZjmqjY44rxWTQ6iq8Oa5qOZRlbnsNi361WZE4LyocfqN1cw43NRTLadFxPSY+4uFVa66sYcS/Wrhj79qiW0o5FwDxU4PUqTXX3qYFCk0VUUoKihJkRREQgEREAREQBERAEREAREQBERAEREAREQBERAEREAREQBERAEREAREQBERAERfUZcZcYmzRxNLYYwxJPixozvokXVOpBZ1veeoeVUbi4pWlKVatJRjHa2ytb29S6qxo0Y5yk8kkfL8kXTHAehxk3h3DUnTMSYXlq7UIbLzE5MF4c9532DXCw4BfRepV0fT/6ZUz8+L+8tCl2SMNUmo05tcdm3n3m9R7HeIuKbqQT4bdnoOViLqkdFXR96ssqZ+dF/eXwWZuUWjlg2QfKyWW1Ji1OIw6jQ+IRD/CI1vgVCv2UMLt469SnPLye0urXsX4te1VRozi2+n2HOpFdVZkOHVJyHBYGQ2R4jWtG5o1jYK1XR6VRVacai3NZnOq1J0KkqT3pteYIiKcpBERAEREARe7hDAuLceVJlJwlQZupTDiARBhktYCd7nbmjmVtRlz3P2fnGwZ7MnFPoVhAc+Rp7A5/YYrtg8AWDxXSTDMG2XdVKX0Vtl5l+ZmcMwDEMW22tNtcXsXnf5GnSmZDiPNmQ3OPAC66lYQ0UsjMIQ2CWwRLVCOw39EVEmYeT/wAXe/AsjSOCcG0wAU/CtIlre1SUNvkC1Gr2SrTP4CjJri2l7TbqHY5upRzrVop8yb9hx3FJqhZ0ops0WfbdC63jsreJBiwjaLCew/hNIXaL0DIth9EJOAGfa6gt4l5k7hDCdRuKhhmlTP5WThv8oVq+ybCHf2/ml/sXUuxtLLuLjzx/3ONyLqli3RmyQxcyKahgOQlo8Uf5+Sb6HiDmNXZ8C17zF0BJSFCjTuXOLIgeLuZJVFgIPIRG2t4QsnY9krBrmShXbpvnWa86MPe6AYrbpyoZVFzPJ+ZmmKL6XHGXGM8uqkaXi2hzElEvZr3NJhxObXbivmlvdC4pXVNVaMlKL3NPNGl16FW2m6VaLjJb01kwiLNGjpo513Oitsm5xkaSw5KRB6Lm9UjpLbejZxJ2bepUMRxG3wu3lc3Usor/AJkudlxh+H3GJ1429tHOT9HO+Ywui6nS2iho/wAGBDhPy3p0VzGhpe98S7rdZ77eqvqVNH372NM/Pi/vLSP3k4d9VP0e03X93WIfWQ9PsOViLqn6lTR9+9jTPz4v7yepU0ffvY0z8+L+8n7ycO+qn6PaP3dYh9ZD0+w5WIuqfqVNH372NM/Pi/vJ6lTR9+9jTPz4v7yfvJw76qfo9o/d1iH1kPT7DlYi6p+pU0ffvY0z8+L+8nqVNH372NM/Pi/vJ+8nDvqp+j2j93WIfWQ9PsOViLqn6lTR9+9jTPz4v7yepU0ffvY0z8+L+8n7ycO+qn6PaP3dYh9ZD0+w5WIup01ovaO0nAfMzOW9JhwobS5znRIgAA/4lpzpTSWUlHErTMt8ISNLIjERI8Fz3PiNF/tibDcq9h2QcPxC+pWFOnLXqPJbvO9u4pXfY9xGzsa2ISnFwpLN7+OSS2b2a7osvaPuj1iHOqutcWRJOgSsRpm5wsNnAHaxh3FxF+xb3yeidkBLSsKXi5dSEd8NgaYkR8TWeQN5s7er7GNNcPwe49yyznJb9XLZzPN7zH4Robf4vQ90xyjF7tbPbzrLPYcskXVP1Kmj797Gmfnxf3lLE0V9HuG0vdlpS2tAuSXxdn/MsT+8nDlvpT9HtMr+7rEH/iQ9PsOVyLb/AEmsGZLYdwrPwMv8D06TmpYt1p2E57jfrDbuIstQFsmjmktrpPbzubRNRjLV25b8k+TpMDpLoxeaLV6dC9a1px1llnuby259AREWwmthEXo4ew7WcV1iVoFAkI07PzkQQ4UGE0uLif2c1JUqQpQc5vJLa3wJ6dOdWahBZt7Ekeci6JZNaF2XuHMKwjmTRJavVqaAiR+kc4Q5c/aM1SL26z1lZB9Spo+/eypn58X95aFV7I2GU6koQhKST3rLJ86zZvVHse4lUgpynGLa3bc16DlYi6pepU0ferLKmfnRf3l8pj3JTRswTTnRYmWlKizj2/QYHSRLk8T325W1bsn4XbwdSpTmkuj2l3bdjHFbuqqNGcXJ9PsObCL3cdQJOVxjWJenSsOWlYc5FbCgwx3sNusbNHJeEuhWlxG7oQuILJTSa6GszQLy1nZXNS2qb4ScXlxTyYREVwWwRffZX5H5hZtTog4Xo7/QgdqxJ6OCyXZt2991nkFuDlxoE5fURsGdx3VJvEE22znQGfQJcHrBAJc4X4kLV8X0vwrBpOlWqa1T6Mdr8vIvKbHhei2J4slUowyg/nS2LycfIaAAEmwF1dQ6VVIrOkhU2ae3fdsFxHkXXKgZQZYYYgNl6HgOiSrW7iJNjnfnOBPwr6iHT6fAh9FBkoDGWtqthgDxWWrVOyVTb+Ct3lzyy/I2ul2N6jXwtdZ80f8Ac4vRIEeEbRYL2fjNIUi7KT2FcMVAWn8OUyYH+9lIb/KF8ViXR3yVxU15q2XtJER7dXpZeD0Dx2FllCn2T7TP4ag0uZp+wp1exvcJZ0ayb5017TlAi3xxroAYGnmxI+C8U1Gkxbd5BmmiYhX7djh8K1uzG0Vc28u2xZqLRDV5CGT/AITTgYoAvvc0d81bPhmmmC4pJU6VZKT5JbH6dnpNZxDRLFsOTnUpNxXLHavb6DD6KaJDfCeYcRpa5psWuFiCpCbLak09qNcyyeTBNlKTxQlSE9aEyRElU3O6gjnKlEfbYChOoh8QDYN6tokS19qRIlutWcaMBfajeRc06eZGLGt1qyjTG/apI8e3WvPmJm3/APVI5GRo0cza7RSw7gfFuHJyUxFhOm1KIJwwYkSal2vcQ5oLbE7RbkvvMfaGWX2IIMWYwfMzNAniCWMDzFli7m113Adh8C+X0PKNMSOD4VUitcPmpUTFh3G9jTqX8YK2w6J3Ba3XuZ07ibhLlPVODaM4de6O2cb+hFydNbcsny5PNbc8sjlxmjlRjvKWo+gsWUwsgRHasvOwCXy8f8V1ht5GxXwDp7gV1zxBhyjYopMxQsRUyBPyE00siwY7A5rgR8B4EbR1LntpL6LdVyifFxZhQzFRwrEfd92kxZAk7GvI9czcA7ZwPPI2t/Gt3M9jObaTdj6eEp3Vi3Olyrlj7Vz8nKYPdPHiqbp08TtXvZN5cVnOHHtPwfSA9sOI8RZ2YDbiXlw4a7z4DYcSQujOJdGvK3ENDw7SHUGDLnC7oRkYsIAOe1hBMOKfs2uIu6/WSVVuL2Fu1FrNmPwDQm5x2lKtBqMU0k3yvl8yPidETKH0uYRgVeqymrUKm1s3M3G1rTthQ/A2xI4krY6fo0KelXy0Ruxw2HgepXOEKK2nUaFDfqGK+7ohG3bfd4rL3PQzeparWuXUm5S5TvVv2nCqVOytNkKayXPlvfS3tObWlrlBP0DFcHFFCpz4jatMNlJmDBbf/CjsYQB9vbx9qwTi7CuLcA1UUXGNFmaXOuhtjNhRxYuYdzgRsI2HdwXXDENApM5VoM7Hgw4r4BDtVzQ4B7TdrtvWOpYb0pMkYWcWX8Y0qXacSUZrpmmPA76Lba6ATwcL24OseKzNniDio05rZx6jRNKdBaGIutidk8py7rUy2Z/Oy6d6ObbZ0/bL6bA2DcX5iVdtEwfRJiozJtrdG3vIY+2e47GjmV6GQuRmKc7Mavw5AhRqfT6c69XnIkIj0M0OsWAH/SHaA08DfcunWX+WeFMtcPS+GsJUqHKSsFo13AfRIzwADEiO3ucbb1e3d9G37lbWaRo5oPUxp9uuHqUl53xS4dJrVlroOU+XgQ57M6uxJiYPfGRpsTVhN5OiObrHwWWdaBkZlHhiEG0zAdJu0WMSYgCO89rolysiulTwXkYle+TpEw9pIc4BgPabLC1LyrV2ykdlwnRXB7DVp29COfFrN+dmmumFFoEnVKFIUOiyEg0tjRCZWWZCLwC0bdUC+1a+wY97bVmDTAe+FimgPJ7x0jEA7RE2+ULBkvMA22/CtgsG3bxbOAdkq2hT0kuadOKSi0llzRR9DCi81dQ4l9t140CP1XV9Bi3sr7M5vVpNHpseD2qq111ZQ4l1cMfcKJZSjkXF7KYGypNddTg8UKTWRUBuoqQGynQkYREQgEREAREQBERAEREAREQBERAEREAREQBERAEREAREQBERAEREAREUQTSUWjxKvI0ur4gp1HZOxQwTM9HEKEwdbiTwC3/yPzG0Pcl8Nw6dS86cHRqjGa107Ovn2a8V9hfb1N4BcmNI3ZKUcj2yJ5AsG3K1bSHA3jqVGpWlGC+assm+c67oTY0LW0V8o51JZ7XyLPLJH6JvVc6Mn38cI/0ixPVc6Mv38cI/0ixfnZuogrVv3dWf10vMjefdkuB+iKqaSGXVaoMaey3xZTMRPDzA6aRjCLDhP1b98R12INlgirVSdrE3Gnp+O+NFikuc5xvtWp3c9yTllX+HzZPxLFtKdzuwrgells7DG6tipa0abSWfQn+Z2nRSzo0sKjcxXdzTbZqFWPqtO+6InnFWiu6x9Vp33RE84q0XsSy+TU/FXUeDcR+V1fGl1sIiK5LIIiIRCzHkPo7V3NqoQ6jPtiSVAhPtFj2s+Nb7GHs7Nu5YoZiTLfAMFmJc0Km/0M3v5WjypDpuoOG0Nt/o4ZsQYh2cLr4LNvuhWdGOZE4YwFGhYBw3Cb0UKUpDiJh0Mbg+Psdut63VC1TG7vE7vOywdKL3SqS3R5or50vQuJ0bRPRSlXSv8TXcfNhyy53wj1nXCnzuQ2jjh+HJVfEuHcLS8Nt3mbmobIsUjbd1++eV8DiPul2iDhlzobMxI1Wey4tTJCJGB7HENB8a4YVGq1OrzkSoVafmJ2ajHWiRpiK6JEeeJc43Ktb8lqlp2NrRSdW9rzqTe97tvlzfpOoO71YqFKKjFbktyO00x3XjRWgPLIMhjaMB9k2lQgD44yuaf3XDRPnYgZHGMZS/2UaksLR+bFK4oJdZf9hcJyySl5/9in7qqHfLCfdD9EfGMWHAlc2ZKnRomxrKnBiS23hdw1fhWc8PYywpjCRbUcKYjp1XlnbosnMsit8bSV+ZoEhe7hDHeM8A1SHWsFYpqlDnoZu2PIzT4LvDqkX7CsLf9jahWi3a1nF/1bV6MirC8afdI/SpMTAYDc7T/wB+JeJPTxFwHHmeC5TZB91bzCw16Fw/nhTG4npw1YZq8vaFPQm39c9oGpFsPxTzXQ7A2b+BM2sMwMWZf4jlKtTowF3QogL4L7XLIjb3Y8A7WnauQaR6N4no/LO7h3D3SW2L9nQ8jYsM7VdPKD28D0Mc4ew5jOlxaPiWlS87LRAQBEYC5hI9c07weYWiWduR89lnPuqNMe+boUd5EKKdroJJ2Mfs7NvWt45+fu4gFfK4jlKfXKbM0ipwGR5WaYWRWOFwQf2qlorpteaMXKcW5UW+6jyZcVwZX0j0AtNKLRxa1ayXcy5c+D4o0Xyilcr8V4wFPx7mZQsN0uReDOGcnGwoj7EXhsB67X2rodhXSO0SMF0OVw9h3ODBknJSkNsNkOHPsG4WueJ5rhfnxRYWHM5MY0OXiGJCkqvMQWOO8tDti+D1ivQmLYDT0o1LqpWkqbScYpLLas8+lnOcEwino9TdGMfhPnN78+HQmfol9VzoyD/1wwj/AEixPVc6Mn38cI/0ixfnZul1h/3dWn10vMjN+65cD9E3qudGT7+OEf6RYnqudGT7+OEf6RYvzs3S6fu6tPrpeZD3XLgfom9Vzoyffxwj/SLE9Vzoyffxwj/SLF+dm6XT93Vp9dLzIe65cD9E3qudGT7+OEf6RYnqudGT7+OEf6RYvzs3S6fu6tPrpeZD3XLgfom9Vzoyffxwj/SLFGHpaaNUeK2DAztwnEiRHBrGNqDSXOJsABxX52Lr7jJGjvr2bWE6Yxgdr1SBEdcXGox2u4+JpVC60Bs7ahOvKtLKKb3LkWZWt6069WNJLvml5ztZnRnPHrUeJh7DsdzJNhIiPBtr8zy5LVWozmWeM8y5PDWNMyqJh6n00a9Rizs42HEJJvqNB+yIA8a+8ixWsYY0V92+u2n13M8lzW0kJyHP5zYmmYMQRGOmrBw3GzQue9jjD54jitSvruMoxeUlyN7OpvI3rTa0taGDww5R7iUlmuOrt29Lyz8x26wVpB6ImAcPyuG8N5w4MlJOVYGNayoMBcesk9ZPFe/6rrRk+/jhH+kWL87WsVC66VLseWsm5Srybe9vLNnPo3OolGMckj9EvqudGXqzwwjf3xYvGzLzllarJsp+EJ9saTmYbYhm4TriKxwuNQjqIsb81+faGTrDtC7B5euJy/wxf+JpL4hi5t2R8Aho5bUfc9RvtjaeeXIlw6TetBrWjiV1OpXjnqJNLkzfE87OGI6JgWovcSSdXae1axLZrN76w6h2N8q1lW99hnwJV+0fUjkfZ7/iCj9muthERdfOGFvN1KmU58AVOpS0k2YiCEyJMRAxuseJO5bu6NOIdE3J6kw61Wc68GTmJptgMaMagwiXBG2HD4cyuaWkSbYbpvuz+w5YA1itd0gwmWNU1bSquEOVLl6ebmOqaEYZb0qCxCS1qjzSz5Mnyc/Ofok9Vzoyffwwj/SLFH1XOjL9/HCP9IsX52bqa+y609djqz+ul5kdC91y4H6K3aSGVNbos3UMBY1pWI4ssejcJCYEUQ3kEt1rblgbEmI6niWoRahUpl0R7ySLnYBfcOS0r7ni9xoGL232Gal/MK2/OxcH00tXhuMVLCMs4wyy8qT/ADOyaGWVGnh8bxLu555vy7kaq48+vOs+7InlXhL3cefXnWfdkTyrwl63wXwbb+JD1UeHdIfC919pP1mFnfR80dYuPorcXY2cKdheWOuTFidEZmwv647mcTfsWqeIc78LYFniyFTodeqEubtlTE1Zdrxu6Uja4A72ixO64WI80dIPNnN6N/8AeWLZuLIM72BTJd3QyUBg3NZBbZthxNzzVhjcMQvoe5LGfa0++nvaXCK487yy5NpuGiWjNKTV/iUc0u9g+XnlzcFynZyo6X+h5khItw4cyqGwyLdT0FSIZmC0jqtDBF+0r4ef7rfooyEV0KWh4xndU214VJYGns1ooPwLirrFQuStUtOx1hdDuqspzlytve+O78zp0ryctiSSO19O7rfooTsQMmBjCT/CjUlhaPzYpWRML90P0RcWvZCl825GnxImwMqUGJLG/C7hb4VwMul1Xr6AYZVWUJTj5U+tEquprefpjw1jrBuNJJs/hLFNLrEu7a2JJTTIoP5pK9V8S21fmaoOJsRYWn2VTDVdn6VOQyCyPJTD4MQEbu+aQVthkr3T7SKyxfAkMXVGDjqkMIa6FVDqzTW7u8mGjWv+MHLUMV7Gt5CLnY1VPmfcvz7V1FzTvIZ5TWR2qjRgN3/f/VebOzDRDdrlupaxvustbMhu6BZGZ8iBSW1ZuFsRRQB8yqrGazXfewbBimzYh4DYTwX0OdOdUhhaQfJyMVkaaitIhww7a7meXPrXJ8Ssb3Drj3NcU3GfIn1p8q5zZ8Ls1fvuHs5XwRiLS2pOU0OXfUpalwZOvPdaG+TAZ0zrb3tGwjna61IJ619NjzFE/imuRp2fmTGfrG5J2X5chuXzB3L01oJht5huD0431RznLbk/mrkS8h517IN5YXeN1IYbBRhDuW186S3y8+wgTdSOcouOxUnOsLrcjS4oliPI2BW0WJa+1TxH2VnFibUzLinDNksWLbrVhMR9+1TR4u/avMmY9lK2ZOjRJZmZt1q3pklN1+sydEkWl0xPR2QIYHFxAVlNzN77VlLRUo8Kt5uys1MND2UuXjTQBF+/tqtPgLr+BW9ep2qnKfA23RzCPfXEaFnyTkl5M9voN7co8JStDlaXh+TZaBSZVrdg3loAv4SSVl30KLetXy2WEqH+jZi20FrP2rIAldm0LS5VXnmz1VilWNvWVvTWUYJRS6EeI+WHBeTXaBTa9S5qi1eShTclOwnQY8CK0Oa9hFiCCvr6HNUyuzU9htwZBnZJ2vCf1xGkC/iJVlU6ZMSMZ0GPDLXDds2HsUVV1NreWRj4XKc3QqrJ8Hyp8vQzX7ILR1omRs/ieap8Vsy6rzpMpEdtiQZMbWwibfbXvxsFmZsJzuqyu4Uk9ztZ4sCrgsgS0MxI0RrWjaS42AWp4v2RcEw+bjOrrz4RWfp3FW2pULGkre2jlFcnSUZIx5Z2swkt629RXox5smFaFcOd18FZSs/T5wlspNQYpbv1Hg28SufCtSq9lnDdbZQm/MvzIVY5yzktp5z5RziXOuSVSdKubtG1X09UJKnQunnpmHBZewL3WuVSkanS6swvkZqFGDdh1XbR4FcUOy1hk/jKM4ryP8yupVNTWyeXHkPEwngvDWGI9Uj0Giy0hGq82Z6ddBZqmPGIAL3c9nwnivqocpe3eqlChNhxREB2dYXryghR9jHC/A71tuHaYYTjUkrWsnJ8j2PzP8ixqzVJdwskWD5S32K+Vx5B6OhuNv8ASN8qyJPSLafTJiqzz2wYMvDLzrbC6w3BfD4+DJjC75mCbtLobweIJHyrYITZXwm5VS5g1u1kjQvTSlujGGKlbrjwCbfin9i1tlpkm21bSabcINwRQJzrZVej/OgvP9lajy0wdm1bZhss7dHFeynaKOkdaS+cov0JfkfUy0xfrXpQI+7avmpWY3bV60vGvbaskjk1ejke9Ci361dwn815MCJcb1fQXqZGKq08j0GOvtVUG4VtDd4lXaVEs5IqjaFONypjep2oUWTIiIShERAEREAREQBERAEREAREQBERAEREAREQBERAEREAREQBERAE6kTqUQYZ0jvpSj/lInkCwas5aR30pR/ykTyBYNVrV79naNE/BNLy9bCiFBRCpmxm/Pc9/Yzr4/nk/EsW0ztzuwrVrue3saV/35PxLFtK71r/AMUryTp7/E9z4y6kd+0Y8B0fFf5moVY+q077oiecVaK7rH1WnfdETzirReurL5NT8VdR4CxH5ZV8aXWwiIroswvgszcz5fBMsJGnCHHq0dutDY4azILftnDyDx7F7mOcXSmDKBGq0fVdGN4cvDJtrxSNg7NlytU6nUpurT8epT8d0WYmHmI97jcklUKsvmo3TRTAFiE/ddwvg4vYuL9iKlZrdUr9Qi1Ssz8abmoxu+JFdc8gOAHUBsCsDZEVBLJZI6ulkskALqOqVNBhRY8VsGFDc97yGta0XJJ6gFmKg6NWKZmlQK1imbbR4MwR0MuWa8d4te5FwG+HbyVCrc0aE4U6kkpTeSXK3zEKr7TQnczXcQWcnwRhpLFbBDR3wrqWNYqetxvD8mqvCrujvOQITo2H622ZcASIMxD1CeWsDb4Arvtcka5R0swqtPUVTLpTSMNWRX1Yo1ToU6+n1aSiy0xDO1r222cRxHNWKpmxQnGpFSi80xfisnZE6QGPcg8WQcRYRqD3SsRwE/TYjiZech9bXNvv4OG0FYxUw7VQurWjfUZW9zFShJZNPcVqVWdCaqU3k0dvMrc48LZzYIkcbYTmHOgTbdWPAeR0stGHr4bwNxB8YsV7sxHvcA34rlDofZ9zWTWYsKQqUyfS3iF8OTqDHOsyC8uAZH5Fu4/gkrqc6YZGY2JDcHMcAQ4bQQevsXkzTvReei+IunDN0Z7YPm5V0rqyZ2zRfEoYva6/z47JL8/KcgtJg/5fsekEG9bmPOWMbFbf506GueGNc1sVYtoVMpkSn1apxpqXdEqENjixxuLtO48lhGs6OeZ1BqcxSKlT5OHMyzyyI0TTSAeR616W0ZxjD8Rs6NvaVoznGEc0mm1sS2rk2nINIaNTCa07i+TpwlKWTlsT2t7G+YxcRZALrIfzisfnfJyn601U5jJHHcpLxZmLKSupCYYjrTLdwFytm1JcDW1jWHSeSrx86PgLIpnCxKlUpkwo6pIuoL2MJYYq2NMRU/CtChMiVCpxhAl2PeGtLjxJ2BSVKkaUHObyS2t8EiaEJVJKEVm3uPI1SllsANB3Pwi/zIpX9JQ14GKNFTN3B5gCt06ns9EX6PUnmPvbsWJtNIsJv6yt7W5hOb3JSTb8hd32HXeG0Hc3lNwprfKSyS5N5h1Z10N6O2fzllalFhh0OlSUxMG+4Es6ME/nr435xOP/AP2cp+stWUckMIYoy8jVmPUmwoD6hAhy7XQoocdQOLnDZu6lcY1Y17/D6trQ2SnFxz4Z7G/MYW10pwrDa0bypVUlDbkmm21uS6WbF5gZgPmHxKRSI51blsaK3ZfkOS0RzbJ9P9X274ov4gtpxtNytV82/r/q35UeQKlgmj1po5ZxtrZbfnPlb4+wwFhpXfaW43Vu7t5R1Xqxz2RWa2L83ynx6IiyxthND9cO0LsHl57H+GPeaS+IYuPkP1w7QuweXnsf4Y95pL4hi4n2afktp40upHS+xv8AH3HQutnm5u/WHUOxvlWsi2aze+sOodjfKtZVm+wx4Eq/aPqRxzs9/wAQUfs11sIiLr5w0xNpE/W3Tfdh8xywAs/6RP1t033YfMcsAK2rd+di0P8ABUOmXWFH7FQUfsVSRtBu73PD6hYu91S/mFbgHgtP+54fULF3uqB5hW4BtfwLyf2Rv4lufu+qjvWiHgaj5etmq2PPrzrPuyJ5Vg3ObMiJQYHpbokfUno7Lx4rTtgsPUD1OPwBZkzXqsGiVvEtXmCOjlI0eKedrkDxrSWrVOZrFSmanOv140zFdEeTxJuvUuEzawy3X/5w9VHkSwweN/j13dVlnCFSeS4vWfUWr3ue4ve4uc4kkk3JKkJQors6DuCAXUQ0kgWO1bDZPaF+YWaMnCrNSnYOG6ZGAdDizMB0SK9pFw4Q7t2G/WQsbieL2OC0fdF/UUI8X+SW1+QvbHD7rEqnarWDlLmNeLFR1StzMa9zumMNYZjV2lZiR6lFlu+iwjSBD7yxu4Wik7Fr9W8hsXU1jotPiS9SY3baGdR/5p+VSYNjdhj9F3GHVNeKeT2Nbeh5P0FljDWA3Ss8Rfa5tZrPc1zPd6TGYFil1d1Gl1KkzDpSpSMeVjN3siwy0+Iq0sVldxCMlNa0Xmj1cMUipV3EFPpFH1hOTUwyHCc0kFriR31xutvut8ZuenKTQJSQnatNT81LSsOVbHmYzokR+q0DWLnG54rX/RswnBpktM5gVSDd8RrpWntcOffvHhGr41libm407GdGjOuTuHALUr7DJaRYlBTWVCi9r+lLlS5luflKGNaVUtF8NnQovO5rLJJfMj9J8/BFBxJuSSSSpHKd25SOW9JJLJHn9Nyeb3lN6oRT1Ks9UIu9CrEothRpqPDlZdhfFjPENjRvc4mwHjWYYOhtnhGYx9RpdPpXSC4E5NEH/ka5YYiPcxwexxa5pBBBtYrczR7032ulJPAmbzIcyxjWy8CpRCLvaAABEvs1tm/rVjfVK9KOtRWfE3jQ6xwq/unQxJvN97t1U3wz48N2Zhma0Js2S28GsYbeT1GajD+6Xy9d0N88aex0SBS6ZULdUpOgk+B4aumkOiYexVJ/NbBlThRWuGt0Ote3Li3wr5ualJmRjOl5qC6E9u9rhZYeOK1XwO3Uex3o9cdzS14yXI3tXkaOSeMcpc0MGMdFxLgaryMJtwYrpcuh/nNuPhX22htVIUDNmNJRHAOnKdFYwHrLbOPwArpk2GHixAXx9SyPyxq2IJXFxwlJydblIhiw6hJs6CKSQQ7XLLB4IJBDgd6mqYj22m4TW8usM0GjgeJUb61q6yhJNqS25cu1c3MfUZS6roE9CI2h7HW8CyP0TQALLHOD6XN4Zr1tbppObZ0esBta69xcePasj6zSL3WuVc1I2/HJKV26kHmpZMxJOTM7T8XTdTkozocaDNOLXDkdx4hZPNVGL6RDnJXZMSwvMQLbQeI4hY7qMAGuT1+uO8/CvWok/Fos9CnZcm7fXN6nN6wVQxXCoYzYTs6knFSWWa2Nf84F/iNvG5pU6kF3cUsnx2bmfMYhruMpWsxZeQlntgNcBD1YOsHDjdevWqXVsRYbgQTEbAnS1sSJDJIa422g2X3talJeNAh1ungGXmRdwA9a7gsVz+YdSlK1Ekm06GYMKKYRab67gDbYvK+L4Tc4PeysqsUpQ5eK5H5SvY3E8RjB2tOMZU9r45rjmTYPwdWKVU/R07FbDhsaRqsffX7eSyrRqBDqUrEmJiMYW3UhG4F3eFeTJwIs7FhQoLSXRLbOHavMzPrMSQi02gUmYLXSFo8RzTuidQ/b4VtmgGjUdIbudxewzowWXM5P2b/MWF5WucXuo0YtKb5eCRZY4whMVgCWEcQZiWcbB19VwP8A3vVlg7CEzh6JGmZuZY+JFbqhjL6oF79a+8hzUPFmH4Ffl2j0VCbqTTBvBG8rFWJMVYrkqxFlpaC6DBhvLYY6HW6QcbkeRYDSPArjAb+di+83xb5Y8nl5GXmG1ry9oysE0tXvk9m3MhN4vxdDqz5eHTwGtiFrYRgk3F9m1ZOpEnGmW+jIsX0NBgN6SNFvbU2XIC8vDhqFXk5MzcsYU1HADmWtbbw6tm1eljSfgwZdmGae8dFCsZhw+zdwPlWa0F0V/aK87dWWrSpNZ5cr5Fn6X/uWl/XVxUja0YKMtza27OV+w+Sx9i+exG75nysSIynwD3oOx0Uj7J3yKrX3EZdQg/13QQBt7WrzpqSGrcBexXKbHqVClaTAeGNPR9I4/YtaOHXtXpF01BJIv9WhbxoUqayjGWb/ADZpNpo0+o1fA+HaTSJCPOzs1XobIMCBDL3vPQRdgA2nevisq9BPMnErYNSx5OQcNSMQBxgH6JOEfi21W+Ek8l0Ip2HqfS2N6CA0xQP864AvN9+3q8Cunw7lZGhfTo0u1w85rON6OWGPYpLELnNrJJR3LZxNfsMaF2SWHoDGz9Nn61HFrxZ2acLn8WHqhfcSOjvk1DLJWUy0o0Rx71odLdI4ntNysiQ5aLGjNgQIbnxHnVa0C5JXu1ir0rLCleiY5hTNajs1ocMu72EOsngBt29apTuqr2uTzKjwbC7VKjb20HN7lqrztvkXKzFtc0S8g5WmxKrjKj0zD8ANLi+DHdALBbfsIHwLRTNai4Cw7jiepmWmI4taoUOxgzMRtiHXN2A2GsBs7621etpC56V3NfF8zBFWixaRKRCyEGvOpHcN77DZq3vqjdbb1rGUudwWfw+hWprXqybz5OB5607xOwuriVrZ0odw9s4pLNrellyZ8r37z0oTupXTeasoW5XjDuWTOZzW0rDeFO3eqY6lUbvQt2TIiISBERAEREAREQBERAEREAREQBERAEREAREQBERAEREAREQBERAE6kTqUQYZ0jvpSj/lInkCwas5aR30pR/ykTyBYNVrV79naNE/BNLy9bCiFBRCpmxm/Pc9/Yzr/vyfiWLaY7ndhWrPc9/Yzr/vyfiWLaY7ndhXknT3+KLnxl1I79ox4Do+K/zNQqx9Vp33RE84q0V3WPqtO+6InnFWi9dWXyan4q6jwHiPyur40uthEXmYkqzKHQJ+rvt/gsB8QX63W2Dx2VznltLalTlWqRpw3t5LymAs78VPreKH0mBFJlKX9CAG50T7I/s8Cxuq01HizUxFmYzi6JFeXvJO8k3KoqzbbebO+WFpGxtoW8N0Vl7QohQV9RKXMVurSdHlGl0adjsl4YAudZzgB5VJKShFyluRexi5yUVvZsponZMQKsz54dfk2xWteW06HEF2gtO2JbiCLDwrOGah9Cz0lTWOFocDpHNHU4kjbzsFknAWDJfCmHKbh2RhhrJCWhwLgbiBtPaTt8KxbmwWenSZhsdcQ4bG/AuN6LYvPSXS6VxN9zBS1VwW5deZnOybarAtDlbwWUqkopvjyvqPjkRF3Q8rHyOY2A5LGlGiNEJjajAYXS0YCxuB60ngVq1My8WVjxJaOwsiQnFj2neCDay3SWt2eWHWUbF5noDLQqnC9EHZuiXId5L+FUKsVvR0PQnFZucrCo81vjzcV+ZjlERUDpBMxxabg2IXVXRDzTiZnZL0yYnpgxalQyKTOOcbuc6Gxuo88S5hab8brlSFt73OzGTpDG9fwTHjWhVSSE3BYTs6WEe+sObXfAuc9lLB44no/UrJd3R7tdG6Xo2+Q3DQi/dpisaTfc1O58vIb/Pf1f8AYWseflOhSWOTMQWECbl2RXE9brkE/AFss5wIu42aPhWB9I5ofO0iYDLXhvZfwrjvYjuZW2ksILdOMk/Nn+RmuzZZxudE6lR76coyXny/MwyrKtfUaf8AcsXzCr1WVa+o0/7li+YV61e48YW/x0OldZpq/wBce1QUX+uPaoKyR6FCyboz+zvgr30Z5CsZLJujP7O+CvfRnkKxeOeC7n7Ofqsv8L+XUfGj1o6qDrCwzpC+upHZE/YszjcsMaQvrqR/8n7F5n7GX8TW/wB71WdH7L38IXX3fWRhxEReuTw8BvWq+bf1/wBW/KjyBbUDetV82/r/AKt+VHkCpVtyN30F+XVPF/NHx6IitzqhND9cO0LsHl57H+GPeaS+IYuPkP1w7QuweXnsf4Y95pL4hi4n2afktp40upHS+xv8dcdEetnm5u/WHUOxvlWsi2bzd+sOodjfKtZFm+wx4Eq/aPqRxzs+fxBR+zXWwiIuvnDTE2kT9bdN92HzHLACz/pE/W3Tfdh8xywArat352LQ/wAFQ6ZdYUfsVBR+xVJG0G7vc8PqFi/3VL+YVuA4Wt2LT/ueH1Cxf7ql/MK3B6vAvJ/ZG/iW5+76qO9aIeBaPQ+tmielhUYkhL12FDdYzdVMA9l3OPmrUw71tRpewXRBUntFxCrZceyzx+1arnevUOFeDrf7OHqo84YZGKqXTXLWq5/iYQIg2K/Mqfd5G0KmYnzfwhQKy0Pk52ry0KKx254Lx3vh3eFdg6LRIMrChy0rBEOFDADWgW2LihQa1O4erUhXqdE6Oap0zDmoLh1PY4OHwhdntGzNfCWe+C5TEuHpuCJ6ExjKlI64MSUj6o1gRv1b7nW2hcK7MuGXld295DN0opp8E280/KtmfMdI0FxO3tKVajLJTbTXOv8AYyPScPQ5mGYUeCIkN7S1zXC4IO+6wfnFohz0QxsSZZwukDrxI9Nc6xvfaYWzdyK2tpdKbDYGhuzjbevoZaWDANgv1Hh8i5tozjt9o1X7fZSyz3xe59K/MsdMMPsdKKXabyOeW58seh/kcfcY4ClZiLFouMsOlseES1zJiFqxIZ5HePAsLYi0fpmHOwomG54RJSJEAiQ47rPhNJ2kEDaAPCu5uN8psBZjSZlcXYelpt9rMj6urGZ2PG0di1XzM0E6tICNUcta16OhC7xIzlmxAODX7j4QF3/BOyVheKZU71dpqPj3vn9pxC40Zx3RxueGz7bT4cv4X+RqDS5CXpFLlKTJt1ZeThNhQxyHX2k7TzKul7GJ8IYmwZUolJxRRpunTUM2LI8MtvzBO8cwvHXR7eVGdJSoNOPJluZzO8qXFWvKd1nrt7c95A7lI5VFTcNiqluik9W8Xerl461QijrQrRLGMvMmb7xssvUjDYV5k03YoMyVu9pmrR+0lq/l9V5Wg1ysTApz3CHLzOuS6XcXbA4k99D5G9l0IwvmFQcey8Kl4lZCl554AgTMPY2JcbLHqJ4blx0nRvtwW0Oi3m86uyPzvq9NXn5Bl5CI522LAaB3nMt39nYtfxOyXx1Py+09AdjnSKGKuOC4nJ6/+FU+cn9FvlXDPoN7qtQJqiTHRRxrQ3HvIg3OVuxm6wVtl1mLLz0BmE8VxA+G4dHLzMQ+ANcfIV9JVqBGpMa4JiQHnvIg8hWCc3ynT6k61pW9y3eyXI+SS4r2Hmw4ZBBG8L0oM07UAcdoCtYbNlgblSz0zLSEnEmpqKIbGC9zx4KlJqTyKdRKq1HLM+Urjmwa7MO3CIWu8YCmZMMLbkq1k8Xyz662anKTBmJJ4EKI2I279W+1wPUd69/EmDYkGV+bmGXunafFb0moza6GDt6t48iuYy1VkzM1JK2lToXC1W0snyZ8OZnq4JrUCadGw3OP+hzDSYFzufwC8ecdQZepxGzcCA2cl4hYXPhDWBB42XxMOsxpGbhTUBxbFgPDx1WIN1l75jUWszcpj+ZiMZJehWzEWGR66KB1/JxC59pxoj+0TpVqGyonk3/S+PQWV9QjhVd1p56tRcn0lyfeKjpyWwjQzWJlodOTLdWXhnmNnylYqmvRFQmYs7NRDEixnF73HrJK9uv1uYxLVHzsUFsId7Bh32Nb8p3lUGSwtc2W3YLg9DBLKFnbrZFb+Vvlb6Svhtu7KLq1fjJb+ZcC4wZiGLhef+i3fJTFmx2b9n2w5jyL6zEsvIU6FDq8F7XSMxZ0N4F9Unq5L4mNLC2xe5hGtwIDomG6zaJTZ7vO/OyG49fLqWL0r0Xt9JLTtU9k47Yy4Ph0Mo39vnU920ltXfJcq9qPdwlUJOJL1GtsDiyQgkgltu+tfyD4V8d6MdNxHzEZ94kRxe4k7yV9vVaFDwhgKry0CN0giFzw+23VJAA8AWLKZEm6hMQ5KRhPjRoh1WsaLlTaIYMsBwyFs1lLa5dL/wCIlwqFO6da6pvuU8k3wSPZiva4thjaXOAX04hWaAOoLwq7T6fhWJTYFRnHRKhGitiRmMI1IMPnxO5fTBrIjA9hBaRcEdYWw1ZoXNRThCpDPVeeT49BYxIY4K2fDubW2r0YjOpenTpOTpcnExJW3CHKyzS9od9kePyKWMsi1ncKlHPe+RcXwLKPNyOAaE6v1KG18/HBbKwTvuRs/wCpWm2lVmvUaVhePCdPudWMROdAY7W2w4O95HAW70dqzdjbF8xiurRqpNP6KXhgiDDJ2Q4Y/wC7lc7c6MfvzDzCnajCia0jJEyckAdhhMce+/4iSfCslhtDt9bWluW0xOmd9LRXApzk/wDqrjuV/THly6Fs6WfMyp2BevLbgvIlBsC9eWG5bYjyjcs9CFuV5D3BWkIbArxgUxiJvaVW7wp2qRu9VG7kLdkUREJAiIgCIiAIiIAiIgCIiAIiIAiIgCIiAIiIAiIgCIiAIiIAiIgCdSJ1KIMM6R30pR/ykTyBYNWctI76Uo/5SJ5AsGq1q9+ztGifgml5ethRCgohUzYzfnue/sZ1/wB+T8SxbTHc7sK1Z7nt7Gdf9+T8SxbTHc7sK8k6e/xPc+MupHftGPAdHxX+ZqFWPqtO+6InnFWiu6x9Vp33RE84q0Xruy+S0/FXUeAsR+WVfGl1sLHWetSMlgh8oHarp2OyFv3gHWPkWRVhjSMmi2Vo8kHbHRIkU+IBVar7lmS0aoqvitGL5Hn5lmYPKghRWp20LK2i7QBiPPDDMm5msyBHfNuuPaobnj4QFilbFaC0h6LznMxa5labHeOWsA39pWC0ouHaYLdVlvUJdWRlcDoqviVCm+WS6zoLAlwxvRQ29pWt2ZRJxtVQTfVjlo7AtopaX1QAAtY81IPQY8qzbWvG1vHtXFuw3UUsZrZ7+1/mjKdnqElgNu1u7Z+lnyaIi9JnksLEukRTmxsP0+pNb30vMmGT+C5vyhZaXwOeEDpsvJ19tsGLBePzwP2qWou5Zm9HKro4pRa5Xl59hrKiIrQ7gFmLRGxB6X9ITCMw5+rDmpiJJROYjQnsA/Oc1YdX2GTk4afmxg+dDrdFW5JxPLpmrG4zbq7w6vQfzoSXniy9w2q6F5SqLklF+lHX97+kO3Y0bgsL6RcP/BaRF4Pe34AsyRIjYbdZ3iWE9IWZMWHSoZP2T3WXl7sZwl+09tlya3qs6d2W3H9kbrW4R9ZGGFZVr6jT/uWL5hV6rKtfUaf9yxfMK9gSPD9v8dDpXWaav9ce1QUX+uPaoKyR6FCyboz+zvgr30Z5CsZLJujP7O+CvfRnkKxeOeC7n7Ofqsv8L+XUfHj1o6qjcsL6QnrqR2RP2LNA3LDGkL66kf8AyfsXmfsY/wAT2/3vVZ0fsvfwhdfd9ZGHERF65PDwG9ar5t/X/Vvyo8gW1A3rVfNv6/6t+VHkCpVtyN30F+XVPF/NHx6IitzqhND9cO0LsHl57H+GPeaS+IYuPkP1w7QuwWXY/wAn+GPeaS+IYuJ9mn5LaeNLqR0vsb/H3HQutnnZu/WFUexvlWsi2bzd+sKo9jfKtZFm+wx4Eq/aPqRxzs9/xBR+zXWwiIuvnDTE2kT9bdN92HzHLACz/pE/W3Tfdh8xywArat352LQ/wVDpl1hR+xUFH7FUjaDd3ueH1Cxd7ql/MK3AOzZyWn/c8PqDi/3VL+Y5bgHevKHZG/iW4+76qO9aIeBqPl62aXaRFHdXIeLJSEzXisjxY8MdZcw3stNC2xIN7hb549aHYxrTXC4M5FBHHaVqFmpgeNhGvxYkCE40+cc6LAeBsbcm7O0eReosKj/222l/+cPVR5XwfEYxxa9sZvJurNr8TzR8OdiA2UTtUCCFem3C6+zyszfzAyaxRAxbl7iCYpk7CNntabwY7OtkWGe9e3kfBtXxiKlWo07im6VWKlF7GntTJoylB60XkzrXo491AyzxpAlaBnTLMwhXDZhn4TC6mxTe173L4R7bt3m4W9NCq9HxBTJetUGpytQkZpgiQJmWitiw4jSLgtc3YV+ay+y19y+9yrz3zayUqjarlnjuqUR4eHxIEKLry0Y7vokF14bxbZ3zSuX412LrO5brYZPtb+i9sfJyr0mUp4tU3VdvOfolvrHkP+//AOqnHjhg1QudOQXdbKLWDLYdz9wyykzLiGCuUlrnS7zewMWAbuh8S5rnD8ELeqhY2wxjWiS+JMI1+RrNNm2B8Cak47Y0JwIvvaTt5HaOvguQY3o/iOAT1L2m0uSW+L6H+W8zFpOndd4/IWePcD4Ox7TX07FdDlZ9rgQx7mfRIeze1+8HatHc8dG6q5bvjV7DsV9RoN7knbGlwT9kANo3bVvPUKhqXu65K+UrM3BjQYsCYhsjNitLXscLhzTvBHBVtHdNsQ0YrJ0pa1Llg3sfHLgyXGNA7LSag41I6tTLZNb0+fijmspCNpWUs9ctoeCcRGpUqHq0qpPLoTWjvYL95Z2byFi48V6owbFrbHLKnf2rzhNebinzrceX8awe6wC/qYfeLKcHlzNcjXMym4bFQiC7exXB3qi8bCsmY6LLGMF5s0NhXqxhsXmzLd6gy/oPaeHON3qzpNfqmFK7J4ho0wYM5IRhGhOBNrjeDbeCLgjgV6E4NhXgTw3qnJKSaZseH1p0akatN5STTT5c0dF8uMdU7MPCFOxZTDqiah/RYYO2DGabPYexwPgsVsNlvmRL1GXZhfFUUOcQGS8d+5wtsa48ea5baM2ckLLnFL8O16Pq0OtRGsc9zrNlo9wGxD+CRsPgPUt54b2xGtiQ3BzXAOa4G4I6iCtRvbV29Rx5OQ9d4BiFrpzg0ZVnlVjsllvUuK5mbHVOgxae90aCDEgHaHdY7VizHlSizVTZTWOIhQGguHF5Xo4EzemaNDZScRh81JjvWRt8SGOB+2C87HMejT2JXz9Em4MeWmYbX/Qz6124gjqOz4VZQg1Iq4VZXNjfdqu455J6slufsZ5EpLXA2L7PCeI6jhx4Yxxiyjj38E7u0cCvm5JgNti9mG0NaLBXCjmtpkMRULmLpVFmmfXVTA+FMds+adIi+gpokGKGAAHjrN48wrbMabgUKlU/CNOaYcEQ2ufs3tGwA+EEleFJz01To7ZqTjOhxGG4I6+R4hfbNi0nMakPkZpjYFQgC7SPXMP2w4tPWP8A+qm46rz5DV6ka1jVpVK8nOhB7OMc9iz4pGNJMCwV+rKak5qjz0WnTrNSLBdqkdR4EcrKvDmGkbVWTNjnlPKcNqZWIuCvLnLb+G3Yr2LMNDTYr2sL4ImcSPE5Ol0CQafXW76JyF+rmoSaSzZSncUrODrV3kj36dMzON8vZmmQ3tfOsZ6HcXGwJHrST2ftVtAkqJlhSyILWTdajM2vIvqn9jfKvRq2I6dhqW+YeGpeGx0PvXPbtDPldzXwk498yXxo73PiON3OcbklU4wctrMDZW9S51084UJS1tXlfTzcx81W483VJyLPz0V0SNFddzj5F9hgWqvnqa6UjuJiShDQT1s6v2r5WfYBrbF72V7abCqNQm6tOw5aVgwWlzojw0E33bVLUjmthtOIxg8Pby73LLJeTJGQ6TRxOu9FTXeS0PaSdmtb/srF+aOPPTFOfMelRC2mSjtXZsEV4Pruzgr3MXNJtXguw/homFIDvYsYDVMUfajg3yrGMaLBl4L5iYithwoTS973Gwa0bySpYQLbAsHnGSv71ZP5sXyLi+fqMSaTGZAwLgKLT5KPq1Sua0nA1T3zIZB13+AbL8StJ5G+9fWZ6ZknMzMOdqUrFLqZJH0JIC+zo273f8TrnwhfKSO5bbYW/aKKz3vazzt2R9IXj+KzlTfwdPuY+Te/Kz3JQbAvXlhuXkyu4L15fqWQRye5Z6EIbArtm9WsFXbFMYmZUapxuUjdynG5CgyKIiEoREQBERAEREAREQBERAEREAREQBERAEREAREQBERAEREAREQBOpE6lEGGdI76Uo/5SJ5AsGrOWkd9KUf8pE8gWDVa1e/Z2jRPwTS8vWwohQUQqZsZvz3Pf2M6/wC/J+JYtpjud2Fatdz29jSve/J+JYtpXbndhXknT3+J7nxl1I79ox4Do+K/zNQqv9Vp33RE84q0V3V/qtOe6InnFWi9d2XyWn4q6keAsQ+V1fGl1sLBOka93zSpEPqEu8/8yzssF6RsMioUiJ1GDEH/ADKpV70zmh+XvrDPg+pmG0RFbHYwtoO5+sa/NiqAjaKS+357Vq+tnO5/TLIOcU9Cdvi0iMAOxzStU04Tejt5l9Bme0XaWMW+f0kdEQ1sJt7di1lzsgGDj+bcW6vSw4b+3YtnIcMxO/ibgsD6RtMfCrlNqzYOrDmJYwta29zXE+QhcK7EN2rfSNU5Pv4SXl2P8jZezjZyudFnVivi5xfkez8zECIi9WnjEL4zOJuvlzV+TYR/rWL7NfG5wxNTLmr362wm+OKxSz71mTwXP3woZfTj1mrKIitDvAXuYEiugY2oEdgu6HU5VwHEiK1eGvo8t5Uz2YWGpNouY1XlGW7YrVQuWlQm3wfUVrdN1oJcV1nXiYmC4kk3PVyWDc9p6DHqlPlIb9Z0KC5zuVz/ANFluenWjWa19mj1zv2Ba+5l1QVTFMcsADZdogCxvuuT8JXnXsU4fKrj6r5bIRk/Ps/M3Xs1YjG30YlQz21JRXm2vqPlVZVr6jT/ALli+YVeqyrX1Gn/AHLF8wr089x4/t/jodK6zTV/rj2qCi/1x7VBWSPQoWTdGf2d8Fe+jPIVjJZN0Z/Z3wV76M8hWLxzwXc/Zz9Vl/hfy6j48etHVXqWGNIX19I/+T9izMFhnSF9fSOyJ+xeZ+xj/E9v971WdH7L38IXX3fWRhxEReuTw8BvWq+bf1/1b8qPIFtQN61Xzb+v+rflR5AqVbcjd9Bfl1TxfzR8eiIrc6oTQ/XDtC7B5d+x/hn3mkviGLj5DPfDtC7C5cMJy/wxfd8xpL4hi4n2afktp40upHS+xv8AH3HQutnnZtwnPwDUnAbmg/CtYVthmNKRZ3A1ZgwYZcWyr3WAvu2rU7tWV7C1ZTwivT5VPrS9hyLs/UXDG7eryOn1SftIoidS7KcGMTaRP1t033YfMcsALYDSJ+tune7D5hWv6tq3fnY9D/BUOmXWFH7FQUfsVSRtBu73PD6g4u91S/mOW4JC0+7nh9QcX+6pfzCtvI0VsJhc8gABeUOyMs9JrhL+n1Ud50ReWC0XzPrZq1jv68qz7sieVfG4lw1S8V0qLSarC1ocQd68euhu6nNPUV9Xi6ZZOYoqszDN2RJuKW9msV5K9V4RBxw6hCS3Qj6qPCuM3EoYxcV6Msn2ybTXjM1Txzl7WcFTrmTMIxpJ7voMy0d64cDwPJfKHct0ZyTlKhLRJOdl4ceBFaWvhvbdpCxBjHIODGdEnsIzIhOJLjKRj3v/AAu6uw+NXMqTW1G8YNplRrxVG+7mX0uR+zqMGIvUreGq5h6YMtWKbHlnA2Bew6ruYO4rzLeBUtxu9OcKsVODzT5UQRDzRCYBZf0ftJ3M7R4r8OoYSq8WPSYj7z1HmIjnSsy3rOrfvH23ObY7BvGxYgRW93aUL+jK3uYKUJb0ypSqzoyU4PJo7h5Q5/4Pz2wVAxlhOYIeQIc5JRSOmlI3Wx4BOzrB6wvan58uLjrEkrkFowZ31PJLMuRqwmHfMapPZJVaBfvXQHOF32+2ZvHhHWusPo+FNQYczAiCJDjND2PabgtIuCF5S7IOi0tF75Klto1M3F8OMXzrjwOz6I30MWt22spx2NdT8p8nm9RZfEmCalAisDostDdMwid7XsaTs8FwtQXblutVo7PQkeE4BxfDcCDuAIK0umW6sxFbwe4fCun9hG+qVLO5tJ97GUZLy559RxH/APoDDaVC9tL2C7qcZRfPqtNdZbuVF+xVnblSeu5nnyJZxhwXnTI2FenF6150wNhuoMvaD2nizbd68GebtK+gnBvVPDWEK3jvE0hhLDssY8/UYwhQ222N6y5x6mgAknqAKpyajtZsVhCdacacFm3sS5z5qi4UxFjGrwaFhejzNSn5h1ocCXYXO37zwHM7F0KyCyuz0wlgsU/MuJTpmHLMb6Chwph0WbhQ7D6HENtUgdViTvWSsj8ksLZL4Xg0mkwIcepRmA1CouZaJMROsX6mDcG8B1lZRhHktbv73t/cRWw9HaH6PVtHGrudR9sa2xXe9D4mHXNc1xa8EEbwQq0nH6CLc+tOw8llSew9SKuCZuUGuRbXbsd414M1lnDe68hUnNHCIy/wgrFayR1WljdtVjq1s49XoLCSjAAWOyy9iDHaWgEqhBwPWJGXcRNQo5bua0EErz3R40tEMKPDfDe3eHCxVSM09xaTdG6l8DJM9mLHa1psVaSlcmqLUIVSkn2iQnXsdzh1g8iF50Sev9krCZmwdgKmlIqU7FVE4TWaZlLHMGVxFh6UxlTGbQA2OBvDdxvzaRZY+ZN2bsK97LTEEDoqlhaqRmtlZ+BEMMvdYNfbaPCPIviDMlri0bgbbFJF5bC1wuynbyqWU9qg04v+l7vNuPvMF0CLiiqBkS4lIFnRncRf1o5lfU4xxrL08el2gOazoxqRXsFujA2arefFfNx8YSWFcFylKw/GY+oz8LpJiK036PW3+HcAvhIE6SbueSSbkk7SVDvpbSzp4ZUxO4dzXWVOLyjHjl85/kfWw5hrxdzrk9aljzDGtIBXhw56w2OV1Al6jUAfQspEiC2+1h41U10t5kJWypvOTyRaz0doDieoXXzUzGMWISD3t9i+nmMI4onnW9BNhM/CiAK5ksto2sH1Kea0dbYYufGVTc0zIUr20to5ymm+bb1HxjGPivDIbC5x3ADaVrLpY5tYso9OmcB0HDdYkYEwOjnqnGlXw4bmX2shO6wbbTwOxb3yVCpdIbaTlwH9b3bXHwqWoSstPy8SUnJeFHgxRqvhxWB7XDgQdhVa2qRpzUpLMwGPXdfF7WdpaT7VrbG8s3l+WfnOLEkNguvekRuW/WcGhfgDHXTVjBrYeGqyQXasCGPQsZ1tzof2Nz1t8RWl2M8tcYZY1t1BxdSYspGFzCi6t4UdoNtZj9zgtnt7qnXWUXt4HmjSbRi/wN61eOcOSS3eXh5SzldwXrS/7V5MqDsPFevLnYFeo51cbT0IO5XbFZwj1c1dsUxiZ7yq1TjcpGqcbkKDIoiIShERAEREAREQBERAEREAREQBERAEREAREQBERAEREAREQBERAE6kTqUQYZ0jvpSj/lInkCwas5aR30pR/wApE8gWDVa1e/Z2jRPwTS8vWwohQUQqZsZvz3Pb2M6/78n4li2mO53YVqz3Pf2M6/78n4li2mIuHW4FeSdPf4nufGXUjv2jHgOj4r/M1CrH1WnfdETzirRXlYBFWnfdETzirOy9dWT/AOlp+KupHgLEPldXxpdbCwzpGyxMrR5sDdEiQyfACszWWOM+aaZzBXoxrSTJTDIhsNwd3p8oVaos4syWjNZUcVot8ry86yNb7ABQUSFBWp20LP2g7VIdO0gaRAjOsyelpqX7T0LnAeNoWAV9vkpipmCs1cL4niu1YUjU4LopO4Q3O1X/APKSsRpBaO/wq5to75Qkl05PL0mRwi4Vrf0az3Rkn6TsCyHrbS3YPWtC+DzywrEr2CI07LQteYpjvRLeJZufbwbfAsjSzWR2Miw3B7IjQ5rgdhB3Ecl6UCntmWmFFhh7HjVc0jYRwXjfBMSq4LiVG+p99Tknlx4ryrYd20jw6jjmF1sOrPuakWs+HB+R7TQNFlfOnJOsYDqMWt0qSjR6DNPL2RGMJ9Dk7Sx/Ab7ErE69s4Ri1rjdpC8tJZxkvKnwfOjwDjGD3WB3k7K7jlKL8jXFczIrH2ek0JfL+Zg3sZiPBZ22cHf2VkFYb0iqoxsjS6M1/fviOmXt/BA1R8JKyFV5RLnRqi6+KUUuR5+baYLREVqduCyFo+0p1YznwlKAGzKiyZdbqbCBiH4GLHoF1nvQ8ohmcxZrET22ZR5F5Bt9nF7wbewuWH0huVaYVcVeVQll0tZL0syWD0e339KH9S9DzN3q9WocpLRY5dqshMc4DhYLAc3MvnJqNNRDd0Z5efCbr7LHOIHRYfoCC/bEN32P2PBfELU+xhgbw+ynfVFtqZZeKva+o0/s06RxxHEaeGUnnGis5eNLk8i6wrKtfUaf9yxfMKvVZVr6jT/uWL5hXUXuOMW/x0OldZpq/wBce1QUX+uPaoKyR6FCyboz+zvgr30Z5CsZLJ2jP7PGCvfRnmlYvHPBdz9nP1WX+F/LqPjx60dVBuWGNIX11I/+T9izONywvpCeupHZE/YvM/Yx/ia3+96rOj9l7+ELr7vrIw6iIvXJ4eC1YzcBGP6r+UB+ALadayZ2yjpXHs28iwjw4cUdlrfsVKtuN10GklfzXGP5o+CREVudWIsNnA8wuxOWJE1l3hWJD2tdRZE3/wDgYuOzV1u0Za7AxRkbg6el3B5g0yDKRbH/AEkJoYR/yri/Zpoylh1tWW6M2vOv9jo/Y4qxjdVqb3uK9D/3MjxqfDnpSNIvbeHHhuhOt1gix8q01xRQ5nDdfnqLNMLXS0ZzBfrbfYfEt5ZOSdEIsF8XnFo/zWYci2tYahNbXJWHqiGRYTLB9jfqdtNj4Fo/Yr0pp6P4hO3u3lSq5LPhJbn0PPJlj2ZdGJaR4dC5tFnWo5tL6UXvXSss15TTpF6Vfw1X8Lz8SmYhpE3T5qGbOhzEIsPaL7xzXmjyL1VTqQqxU6bTT3NbTx9UpzpScJrJrkZiXSJcBh2ms6zNk/8AIVgFZq0jJ9pfSaY1wu0PjuHbsCwqqNV5yOyaJU3Twmnny5v0hR6goKI3KmbIbt9z2cIWH8XxHbGiagbf+ArZ3EFaZISMedi7RChue1nGwvtWsmgxAFNy9r1UjD6bqQawHcQyGLnxlZMzJxITT3yLIl3zJsdvVe685Y7hUsb0zqUILfOKfQks/wAzq1PGIYBom7yo8tSEmul55Lz5GL40V0aNEjO3vcXHwlSonYvTMIqEVFbkeIZzlUk5y3tjkr+p4frlEhS0er0qalIc7CEeXdGhFoiwzuc0neFs9ot6LJxAZXMnMmTfCpEJwjSFPitsZtwNw94P2Gzd1rbLGmDsL5hUs0HEtDlpuQDdSHDcwXhDqLD9iQOC5tj/AGSrHBr6NpTh2xLv2nu6OOXKdAwTse3mLWbuaku1t96mt/TwOS8/TafVIBlqlJQJmEdhZFYHD4VjXFWQ1BqTHzGHIzqfMm5ENx1oRPlC38zR0Ha7TXRanllUPmlLAl3zPmbNjMFibNduf4QCtaq/hfEWFZ59NxHRZynTDCQWTEFzCbcLjaOYW24RpBhmP01OzqJvhukulPaYWvbY3orVympRXHfF/kaW4mwjW8JzhkqzJuhOPrIg2siDi09a8UrcHFOGqdiqjx6RUYTXCI09G8jvoT7bHDsWpFTkYtMqEzTo4IiSsV8F45tJBWTnDVZv+juPLGqUlNZTjv5+dFqiIpDYyIO6y6uaM2NYuLcicKVKNHdGmpeTbIRXu2nWg/Q7nnZoXKQbQuh2g3USzIp7Yrjqy9XmWNvwLWHZ4SVyvsu2cLjBIVWu6hUWXlTTN77H9xKliUqa3Si/Q0bDVeehysjHjxX6rWMcXE9i1EjuD48R43OeT8KzrmTilsrRZqGHDXjMMFjb7i4W8dlgdUOw1hk7azuLue6bSXkT9pzvs+YpTub61soPbCMm/vNZdRTduVJ6qu3Km9doOBRLSKrCYF79i9GKNpVhHajLujvPGmhvW4ehTlLCpFDmMz6xKD0dUy6BTtcXMOWFrvHAuNx2DmtTqbRpuv1qRokhDMSYn5mHLQ2gX757gB5V04o8rScFYZptBhvbCgU6UhSsNjd5DGhuweBYjFK2pDUXKds7FGC+776d7OOap7vGfsR9FDcrmG5fCTeMpkktkYDGN6nP2n5F5kXENajG7qhFb+IdXyLW20z0fHB69RZvJGWIb7+BXLHjqWH4OI65LuDodSjHk86w+FevK5hVWELTEvBjDiLtKpOOZb1sCuFthkzJ7YgVtUJOmTUJzp+BCc1ouXO2EDtXwsTMuYMO0Glsa/i6JceKy+fq2JqvWbsm5nVhH/RM2N8PHwqVU3mUrfArqU85dzz57fQXU7Fk52uiTpDS2WdEDASSb8SLr6WXwZTHu+ix5h3/ABADyL47DbmtrEu5/HZfjZZKl4u43VbLYZDEqlW1cadKTWS85WkMLUGWb3kgx7iPXP74/Crj0tUG9/mTLX/JhVIEe1tquhGaRvVvLWzNaqVq+tnrvzs86awxQZhtn02C2wsCwavkXkxsI0KGbslXbPwyvooscW2FefMRb9anppla3r3Edim/OfM0OBIU7E8xTZyDDfDjND5YxBex+1F/D4l9yx0NjdVjGtHADYsZY0cYczKTUJ5bEZezhvBG269Oj5gwHQ2wauxzHgAdIwXDuZHUozhmzJXlhWu6cbiG3NbV0bM/KfdOiq2iPvwXksxTQ4o1m1SBt+2eAfhVjUMY0aWaSyY6d3U2Ftv4dyhGBjqVlWb1VF59B7MV915s1PykE2izUJhPFwXxNWxXUakSyG70PB6msO09pXiEucSXG54qsnkZ+2wWWWdWWXMZJbPyL9jJuET+OF81mNlrhTNPDsagYlk2RWuaTAmWAdLLP6nsd1cxuPWvm79quZSozki8PlphzLdV9h8G5VIVnB5omvNH6V1RlSqNSi1tTWxo0MzFy4rmV2LZrCtcZrGCdeXjtHeTEI+te39o6iCF5MuNgW52kJhmQzKwFFm4sOFBrdCa+clYot9FYGnXhcrjaOYC0zgN2ra7K5VzT1uXlPHun+jFTRXE3b/4ctsHzcPJuLyErtitoQ3K6arw51MqN3qo3cqbd6qN3IW7IoiIShERAEREAREQBERAEREAREQBERAEREAREQBERAEREAREQBERAE6kTqUQYZ0jvpSj/lInkCwas5aR30pR/wApE8gWDVa1e/Z2jRPwTS8vWwohQUQNgVNGxm/Xc9x/k0r4/nk/EsW7WX2X89i2oNBhlsq03iPI2ALTPubM7gdmDK5JYux1QKAPmx0mrUqlBlnPZ0TNrREcCeGxdKaBnDo9YekIchIZxYFYxgFz6YJS5Nt5+iLzDpdgtzfaTXVXUeprLbk9vcrcdToaSU8NwSjb0WnUcfNtZ8rG0KMiJqNEmpqhz7o0Vxe8tnXgFx2nYpPUP5A/xHUf196yB6oDIn79GBv/AMhlP/2J6oDIn79GBv8A8hlP/wBizUMVx2nFQjUqZLpOXzwXC6knOdGDb2vYjH/qH8gf4jqP6+9fJZtaA+TdfyzxNSMN0efh1eYpkf0A9069wbMhhdDuDvGsAs2+qAyJ+/Rgb/8AIZT/APYgz+yLe4MZnLghznGwDa/Kkk8u/VSGNY9CSk6lTZ0iGCYXCSlCjFNbtiPzhz8lNU2cmKdOwnQpiViOgxWOFi17TYg9hCtltH3Q/K+l4H0ha5iXCoD8PYrjGpSz4bfobI7gDHYCNltfWcOTlq4u5YZiFLFbOneUHnGaz9q8j2E9xb1Lao6VVZNcQpmOc03abEbbqVRAJ3K+KJ1n0N80ZfNnKKlujzQiVihw20+osJ767NjH/wDEwA9t1sxRqOYjmkt2di4naP8AnxinIDHMDFlAAmZWJaFUJCI4iHNQNYEtv1O2bHdRXY/Ry0lsk896dLxsK4skparlo6ajT0dkKbhusCQGEgvA+2bcFeZdONBbnCcQneWsNahUeexd63vT4Lg92Ww6ZYaVxr2UaVV5VIrLpy5faZdp+FJGoyj5KoyMGZl4zS18KMwOa5p33B2LGmL9BrKPFUd05SXT9AjRHFzhJvBhkngxwOqOxbCSUpDhsbqi4IBvxU1VrFJw9IRanWqlKyEpAaXxZiZjNhQ2NG8lziAArTR+vf4S9e1qShxS5fIabjdva408rumpcM/aaczXc8aZKxHzEbMiJDkYYL3ufLjWawbSSd2wLk1pD1nD1VzXr0rhGpRp+g0qZiU+nTUUAOjwobiOksNlnG7hyIW+en73RiiViiVHJjIesNnWTzXytYr0u+8MwS0h8GA4eu1r2Lwd1wN91zCJuSV3rRapjF1Sd1iknk+9i0k8vpPp5DWaWB4bhlTXtKeUuObfkRBERbWXhFvhW3GjnRPSdlzErM2zUma1F9EjZt6EABg8PfHwrWvL3CMxjPEsrSYYcIAcIk1EAv0cEEax7dthzIW3MaMwwYMnLQxClZZjYUGGNzWtFh8CwWM2FTGXCwjsp5pzfMty6W/NkW15pLQ0XoSutjrNNQjzvfJ8y9LE3NRZyO+Yina4+JUURbNRowt6caVNZRiskuY4Jc3NW8rSuKzzlJttvlbCsq19Rp/3LF8wq9VlWvqNP+5YvmFVHuIW/wAdDpXWaav9ce1QUX+uPaoKyR6FCyboz+zvgr30Z5CsZLJujP7O+CvfRnkKxeOeC7n7Ofqsv8L+XUfHj1o6qjcsL6QnrqR2RP2LNF9iwxpC+vpHZE/YvM/Yy/ia3+96rOj9l7+ELr7vrIw4iIvXJ4eCwTpE0osqVNrLW97FgmA4/hNJI+ArOy+NzYw07EuDpqDAZrTEraZg2G0lu8eEXUtRZxM7o5eqxxKnUk8k3k/Kas2KKZzdVxHWFKrQ7cRGxb1dzkzYlC6o5O1ecayNGjOqFK1z646oEWGNvButbtWiivqFW6rhuryleoc/GkqhIxWxpeYhO1Xw3g7CCsBpNgNLSTDKmH1HlrbU+Eluft5jJ4RidTCLuNzT5N64pnfCiUV0Qt7y91kmgUBsJrXPYCVz90Zu6cZfzVOlaBn1JRqNVITWwzWJWEYstMEWGvEYO+hm202uOzct3sK6T2jZiGUhzdHzvwXEY8XtErECC8bOtr3AgrzVW0MxXC6/armjLZypZp9DRtuJaQwvVnSlsZ9tXcuMFYwlfQuK8L02qMts9Ey7XuHY61x4Csd1vRL0dmsi1afwdAkoEu10aKWTUSHDa0C5J27AArrGGmFox4GkIk5W868KP1GlwgyVShzUZ9huayEXElc3dNjulkznNRJzK7JmUnKThibvCqFTjnUmZ+GD/m2tH+bhmwvtuQSNi3vR7C8clKNvaSnCPK82kly9L6DSby0sbpudxTjJ86TZrBpW41wVjjO/Ec/lxTYUlhaTjCQpTIZJD4UIBpi3JJOu4Od2ELEKiSoLulGl2ilGnm3kks3vfSWcYRprVgslwW5BRF1BfS5eYVjYyxZT6FDaejixQ6O62xkJu1x8QKjVqxoU5VZ7ks35CrTg6k1CO9m5WQ8uMH5N0WVigMjTjHzsW+/6I4ubf/h1Vb1qpxKpOOjPcS0bGDldVapUWOhQ6bJd7LQGCG0DdqgWA7F5a1TRTR+VG4q4xdrKpVbaXKk3n1eg1DskaZwxCEMDw+WdGlkpNbpSX5Lr6Aq2UmdeSGD87ZOk5zy05EoUs1pMeAwRIMOZubCO29zDGy9rnlZeLiauS+G6FOVmZI1ZaEXNBNtZ9u9b4StRJ+ej1Gdjz808vizER0R5PWSbnyrcL+krmhK31nHWTWaeTWfA1jQzCIXdZ3deOcYZZJ7m/wDY/RnhjGOGMdUOTreC6vI1GjRoY9CxZKIHQtS2wC27s6l7kKCABYL89uTukDmtkTW2VrLfFk1Thrh0eTLteVmQDfViQj3rhs37+a6L5Hd1owFXhApGdmFouG5wgMdUqeXTEo82G10O2vDF7nYXLzxj3Y2xOwnKtZ/DQ5u+XSuXyHdqGJ0pxUGtXqOg0KETsCs8Q4AwhjSUMlivDchU4Lha0xAa5w7DvHgK8XLvOXKPM+RZP4BzFw/W2PGtqSs/DdFZ+PDvrNPIhfdxJ2QlIRjzE5LwobQXF8SIGtA4kkrUrWzuratulCS6U0SXMqdeLjNJp8dpr5iTQUyVrcR0emtqtGe52sRKzAcwdjXg2C4j5+UqjULOrHFEw/OPm6dTsQT0pKzDyNaLDhxnNDzbZttddf8ATG7oPlfkxhGq4Zy9xJIYkxxOQIkrLQqfMNjQqe9zCBGivbdt2kghm8lcSZuajzszFnJqK6JGjxHRIj3G5c4m5J8JXetCZYrWozq385OGxR1vS+ORrnvdY2VRztaajJ78iiiIt5JyIvuW/WjCThjIuliIdV89GjztuqznWB8TQtEKTTZmsVOVpUnDL483GZBhtA3ucbDyregTELDuHKbhenv72nykKVaR1BjQL9pstH03s6uMU6GF0FnKcs3zJcr5tpncHxa20fp1sVu5ZRhHJc7fIucq4xrsSrTvQh5MOEeO9y+eQm5ud6Lc8Iwylg9nCzo7orzvlfnPOOkONV9IcSq4jcb5vYuC5F5EUzuVN+5VXdakIuFkjExLWKOtWcdu9eg9twQrSI26FxTlkz6bJ3FuHMBY6gYnxJJRJmFKQnmX1GB5hx9mq+xI3DW8NlmSLpb4QmZ9xnaRWeiJ/wA8WwyQPxdbYtaY0K/UrCPAvfYrKvZUriWtUOjaNaf4rozb+5sP1VHPN5xzb6XwN4sJ5q4ExoGtodfgOjnfLxT0cUf8J/YvrVzjfCe14iQ3OY4bQQbEFfa4WzxzNwfqwpOvRJyWZsEvOjpm24AnaPGsVWwdrbSl5zseBdm6lUSp4vRyf0obf9L9pvOi1mo+mJFhwwzEGCw+JbbElJrVB/4XA+VepH0x8Msh60DCFRe+3rXR2NHjsVZPDrlPLVOh0OyXoxXhrq6S5mpJ+bI2FVOYjwJSA+YmozIMKGNZ73usGjiStUq5pmYkitcygYOk5S/rXzMd0UjwANCwxjvNrMXMLWg4jxDHfKn+CQfoUHf1tbv8N1Vp4VWn3+xGGxPst4Jawas86sujJed7fQby4CzjwnjvEtYo2F53p4tCfDJjC2pGB3uZxAOy6zxRavCqMs2Kw2e3Y9vArkrlVjup5W4zlMUSDDEhj6FOQb2EaASNZvbsBHMBdGcEY2p1fpcninDU6yYlJtgeLG+/exw6iOsdSkvLR2sk13rLjRTSanpjayjVyjcQb2f0vdl1MzTDmNm9VhNG29fP0urS9Ug9JBNnj1zL7Qr4PdxVm4J7TJVLfVlqyWTL98yT1q0jRxYm9gBtVvMTMKXhujR4oYwC5JNl8dW8SRJ8GWlAWQdxPW/5AmSiXNpYSryyitnKz5rOHHDcPYYreJ4DWRG0eRjR4Qf62I9rSQPCbBeFl7mDh3MjDktiHD842K2KxvTQb9/AiWBLHDqIWvWlvm9Kz0v87DDk42LaIIlViwn3Atug3G/bYnhay13wfinFGBqm2rYWq8xITA9d0bu9eODmnY4doWSo4dKvR15bG9xp2Mdkm3wDGPcVJdsowWUst+txXRuZ0zudyWK1AoemJjqVhNhVrDtMnyBYxGF0Fx8Vx8C9uLplVZ7LS2BZZr7bC+ccRfwNCovDLlPLL0mdh2VNGZQ15VnF8HGWfoTNpF4eKMbYWwbKGcxHWZeTYBcNe7v3cg3eVqViXSZzPxFCfLSUxLUeC8EH0JD7+347rnxLGU1HqFUmnTlTnY81HebuiRohc4+Eq5o4RNvOq8ug1LHOzVZUIuGFUnOX0pbF5t79BsTjPS0iOivlMB0ZuoDb0XPNNzzawHylYxqecuZ9ecfRmLp2Ex32Eq7oWjl3tiviYMtu2K+gwLW2LMUrKhRXcxOJ43p9j2MTcq9zJJ/Ni9VeZfmeqcR4lnIboU3iCpRobxZzIk3EcHDmCdqkhMVKFC3BXcNlrK6jFRWxGiXd3VuHrVZOT5231laE3arhipQ22G5VmiymMbJk7VO3cpBuU6FFkUREJQiIgCIiAIiIAiIgCIiAIiIAiIgCIiAIiIAiIgCIiAIiIAiIgCdSIogwzpHfSlH/ACkTyBYNWctI76Uo/wCUieQLBqtavfs7Ron4JpeXrYS54oipmxkQ9w3OI8Ka7/tz41BEBHXf9sfGmu/7Y+NQRAR13/bHxq9oj3isSJ1j9Mwuv8IKxV7RfqvI+6YXnBU6q7h9BUpd/HpR1Izlykpec2Whw5OhrJ+HBbMU6ZdvhTAZZtzYnVN7EcFzBxRhis4Prs5hyvyL5SfkIroUaG8biDa44g7wV1dxDjKnYUw/AjzERroxgN1IYO0nVWomcuFYWbsy+sTj2y9Uht1ZeOG7NS9wx/EbT2XXHuxNPFWq1KUc7bNtN8ks90eKfLw3m2dk3GcFwypQVWeVd5Jpbe54y4fmajHelyvZxJhOt4VnnSVZkYkF1+8fa7Hji124rxyLLspplOpCtFTpvNPlRC54qtKTs5T47JqQm40tGhm7IkKIWOaeII2hUbIjWayZOZOo+k7pE4fl2ylGzwxvKQGCzYcOuTGqBwALl4uL86c3cfwfQ+NczsUVyCd8KfqseMz81ziPgXxaK3jaW8XrRgk+hEdZ8Rc8SiJZXBAK4kpKZqE1CkpKA6NHjODGMaLlxK9DDuFK5imcEnRpCLGdfvnhveMHFztwC2Hy6yvp2CYInI7mzVTiNs+Nq7Ieza1ny9amjByMFjOPW2EU3rPOpyR9vBFbLHAcLBNFtHa01GbAdMvG23BgPAeVfZoiuoxUVkjjd5eVr+tKvXecn6OZBERTFqFZVr6jT/uWL5hV6rKt/Uaf9yxfMKg9xWt/jo9K6zTV/rj2qCmda5N+tSqyPQoWTtGf2eMFe+jPNKxism6M/s8YK2/60Z5CsXjngu5+zn6rL/C/l1Hxo9aOqo2BYSz/AJyBGmqZLw4jXPhB+uB1XX2uYWYknhWTfLS72xJ17SGtBHerXep1Ocq85Enp2KYkSISdp3Lh/Yo0VvKt9DGqi1aUM8s/nNrLZzIzPZp0xsLfDJ4DTetWqZZ5fNSee3nfAtURF6SPJgUCAQWkXB2EFRRCK2Gtmb+AomF62+qSMC1Nn3lzC0bIbztLOXWRyWOitzKvSZCuU+NS6nLtjS8dpa5p8o4EcVrhj/Kes4QjRJyUZEnaWSS2OxtzDF9zwN3buVtUp6u1HVtGdJKd5Sja3Msqi2Jv53+/WfBIoltlCypG6BA4jcSERALk7yUueKIgCJbbsV1TqXUKtNMkqbKRZmPENmw4TS5x8SjkQlJRWtJ5IoMhue8Ma0lxNgAOtbKZN4FfhCjOqc/CDanUWgu2bYMLeGcievwBeZlnk7CoD4VdxIGRp9tnQYG9kA9RJ63eRZUU3udVF8Is1wOc6R6Wa2dph8tm5yXUvzYREV2c7MI6QOKS6JK4UlYtgy0zMgHrI7xp8Bv4QsKk7d62KzCyZlsUzcauUiedL1CLtiQ4pLocQgWG3e3cOSwfiHB2IsMRzBrNLjQBc6sTVJhu7HbirWpF55s7FoveWHuKFtbzWsltT2PPl6Txbpc8VGygbdSpm0lzIVSp0uMJimVGalIoNw+BGdDcD2tIK9mdzHzCqcuZSo47xDNQCLdFGqcd7LcLF1l86ikdOEnm0syObIue95LnvLidpJNyVBEAvvU6IAb1NZA25AAJKyZlvlFUMRR4VWr8GJK0tp1gx41Xxx1WvuaeKik28kWl7fUMPoutcSyS9PMj38gcFlkwcb1KWBEIFkg1w+zvtieDcOZWbHvdEcXvJJJuSVRlpWXkpeHKSsFkKDBaGMYwWDWjcAFVVSjawpzdX5z5ebh0HH8dx+4xqolJ5U497Hk6XxYREVwa+SuUh3qpvUpCEyZRe1UIjOtXRHUVTc3xIVYyLCJDHBW0SDc7l6b4V7kKi+FfZayZZlxCrkeRElr9StokrfeF7ToHJUnS/JQyLuFxkeE+UG6yoPkh1Be+6WBVJ0qOClyLmNyfPvktnrVbvkRb1q+jdK8lQfK8lDIrwuj5qJI8lknJHOGq5U1kS80YszQJx/8AhcsNphnd0kME2Dt1+IXycSUHBW75PgFTq0o1YuE1sMzhOO3WEXULy0lqzi9nsfFPlOjuFMVSFUkpTEeHZ9k1JzLQ9kSGbte3rB59VuorJ8rNwpuVZNQnDVe2+3qXNXJzNWsZYVpsJznzFFm3hs3LOJs25F4jODgPGt5qfiMuovSSc2x0lNQxHbEB2ahF7g9QIWsXVtK0nq709x6p0X0ntdN7Pt0MoVqeWvHp5Vzf/wCF9iivwozor4kwIUlLAuL3us2wG1xPjWpedmk3EmWR8LZazL2MN4czVALE7dogm+wfheLivk88s4qzj2rTFBpUy6Xw/KxDDYyG63oojZrv4jfYbrLFDJPkslZ4dllUrbXwOZ6bdlGTU8KwR6sFmpT5Zcj1eC597PM9DRY8R0WO90SI8lznOJJcTvJPWq8OR5L1IcoOCuWSvJZlLI4hUu5SebZ5kOS2etVwyTA6l6TJVV2SoHUo5FnO5POhynJXEOVt1K+bL8lVbAA6lHItpXBaw5e3UrlkG3Uq7YICqsh8lFItp1myRkK3Uq7Ie4qZrAFVa1RLWUsw1vFTgXUAOoKcDqQpN5kQLlTKAFlFCRhERCAREQBERAEREAREQBERAEREAREQBERAEREAREQBERAEsTuCAjgpxE1dwUG3yEyS5Q2BEduariFTY8TqUjZtzbWCrMqsVm4KhN133mRXpqjn3bLuBhyYjW2r0pfBUWLYueB4V5Da/Ns9aSqjcUVBu53wrGV6WJz7ySRkaM8Oj38Wz4TP/JbGOJZWkMwlS3VB8J8Qxg2I1upcC28jmsODRkzqO7B0T9PD/eW0XpuqY3RHeNTDGNV9td41bRo4xCOWcXzvP2m2WOllnYUVQpweqjV0aMOdh/2NifrEP95PUwZ2fcbE/WIf7y2i9OVXG6M785PTlVvbnfnJ2vGf6PM/aXn7cWv0Gau+pgzs+42J+sQ/3k9TBnZ9xsT9Yh/vLaL05VcbozvzlH051f253jTteM/0eZ+0ftxa/QZq56mDOz7jYn6xD/eT1MGdn3GxP1iH+8to/TnV/bneNQ9OVXO+M785O14z/R5n7R+3Fr9BmrvqYM7PuNifrEP95XNN0Zs6peoS0d+D3hsOMx5Jjw9gDgftlsz6cqt7c7xqPpzq3XGd41B0sYksu48z9pFac2qeagzJE9g0VsQY9YnzEithtbql2xuwbArT52VG9uHjXwXpzq3trvGnpzq3trvGsDb6O4xaU1Rt6yjFbktxj73SXDMRryubqk5Tlvb2s+xquTOEa5KOkatLS83BdfvYgDrcxs2HmFiHF+hFh2eESYwdiWJT4xuWwJr6JC7LgawHjX1vpzq3trvGnpzq3trvGrmGE4/TlrK4J7XSnDrNZUKbijXHEGiRnFRHvErTJKqw27nyUyDcdjg0r4moZNZp0t2rO4Eq7OYly4fAtxPTlVeqK4eFPTlVt/TO8azFGni8FlU1JedfmXv7cWv0GaUnLrHgOr6Tqxf3G/5F6NPybzSqbwySwLV3k8ZctHwrcT051f293jT05Vbriu8arSWJZbIx87H7cWv0Ga54e0Rs4a25rpqnSNKhne6dmQCB+K0OKzDhDQkw7IakxjHEr6jFFiYEqejhX4Ekax+BfWenOre2u8aenOre2u8axlzZY7X2RqRiuZfm8ySWm1rJZarPsaVkzhKiSrZKkS8CVgsGxkIAX5nZtPMq8+djRvbh+cvgvTnVvbXeNPTnVfbXeNWPvNj38wYqeNYNUlrSoZs+9+djR/bx+d/0T52NH9v/AOb/AKL4L051X213jT051b213jT3mx7+YJPffBP5c+9+djR/b/8Am/6J87Gj+3/83/RfBenOre2u8aenOq+2u8ae82PfzA998E+oPvfnY0f2/wD5v+isa7lZT49EqEGTeIkeJKxWQm6w2vLCAPGvkPTnVfbXeNPTnV/bnDwqMcHx5PN3BGOMYJF5qgaunRhzsJuMHRNv8oh/vKHqYM7PuNifrEP95bR+nKre3O8aenOr+3O8azHa8Z/o8z9pmf24tfoM1c9TBnZ9xsT9Yh/vL7PJzIHN/CuZ2HcQ1LDTpSVkZ1sWLHdGhkQ22O2wN+tZw9OdX9ud409OVWI2xnfnKjcWmLXNGdGeplJNPY9zWXEnp6eW9KaqQi01tRkaoYDlKrMum5+eMaK83LnOVt87Gje3Dx/9F8F6c6t7a7xp6c6t7a7xrD0cAxq2pqlRr5RWxJbEjE3OkGE3lWVevRcpyebb2ts+9+djR/bh+cnzsqN7ePzl8F6c6t7Y7xp6c6t7a7xqr7zY9/MFH34wT+XPvfnZUb28fnJ87Gj+3D85fBenOre2u8aenOq+2u8ae82PfzA9+ME/lz7352NH9uH5yliZXUOKx0OK9j2OFnNdYgjgdi+E9OdV9td409OdW9td4095se/mAsYwRPNUCzxloe5f4lESapM3Eo0465DpcgwiebCPJZYSxPoaZo0cvfRZmlVmCD3vQxzDiEfivAF/Cs8+nOre2u8aenOre2u8aurbD8et99WMlzr/AIzK0tNLSlHVjF5GodSyLzbpTnNm8B1Ww+yhwtceNt14z8ucfQ3aj8HVgHh6Df8AIt1fTlVd3Su8aenKrbjGd41l4xxNd9GPnaKn7cWv0GaaSeU+ZU+8Q5XA9Ye47v8ABXDyr66h6Lec9ae0HDDZBjvs5yO2GB2jafgWzpxlVTviu8aenOre3O/OVOrDFpLuFBed/mR/bi1+gzHeEdB2J3kfG+LoI6zL07b4C97fIFmjDmQOBMKS4gUSTgwDazopOtEf2uO39i+b9OVW9td409OdW9td41hquFY9Vlm66XQsi0udLLC7jqVoNrhyH3vzsqP7c3xp87Gj+3D85fBenOre2u8aenOre2u8ap+82PfzBj/ffBP5c+9+djR/bh+cnzsqN7ePzl8F6c6t7Y7xp6c6t7a7xp7zY9/MD33wT+XPvfnY0b24fnf9FSmspcNz8F0tPQ4ExCdscyK0OafAQvh/TnVvbXeNPTnVfbXeNPebHv5gjHGcFi9aNDaWOKNDfLmuh8alzkxR5g3IMu8Ohk82OB+AhYgxLoU5iU0viYfrVIq0EbWtMV0GKfARb4Vm3051X213jT051b213jVzb4dj1B/HKS4NZ/7mVp6aWlJaqi8jUyraPecVGLvROBp+I1u90ACKPG0leBGy0zBl3akbBlYa7db0I/5Ful6c6tv6Z3jT051YbBGd41loRxRLu4wflaKv7cWv0GadU7JzNGqPaySwLV3k8ZctHjNlkTCuh7mvXHsfV20+iS7iNZ0zH1ngcmsB+EhbA+nOre3O8aenOrX2xXHwqlXpYxNZUtSPnZD9uLX6DLTBeiDgLDDYczU5x1Ynm2PSTFhDafwWAW8d1kF2V9LY0NhxmtAFgBYWXxPpzq3trvGnpzq3trvGsR7049nm7gxl1pDhd7LWr0nJ87PrI+Wko31kwPGrCYy9az1kYeNeCcY1Q74rvGpTi2pn/Snxq7pWGOQ31kzGVL3Bp7qTRezGDIsImz15sbD0xC61F2KKg7e4+NUnV6aedqytGniUO/kmYytPD5d4mi2iU6PD6lbvgxG72q7dVIz99lRdNOdvCydN1su7SMfPtO+DLUjqKlI6iq7n63UFI7sCrJlHYUCy6kcziFX1VAjiFEmUi2MMdRspDBPAK61Qoag4oTqZZug8lI6COoK+LFB0PkhMqjPOdAHBUny/JekYTeYUjoPK6FSNZo8p8sD1Kg6VHBew6DyVJ0DgFDIrxuGeOZXkswSeekxKZTOwQyWmBVGwvQcKZBGo2X2bb3vrWuNyxoZfkoeh+SpVaEK2Wut20zuD6S3+Buo7Ger2yLhLof58GeUJW+223rVVkrxC9AQBwVRsC3UqmRhpXBZMlgOpV2S9upXTYI4Kq2F4FNkUJV2y2bA4Ko2DyurkQmjmpwzgEKDqNluIPJTiEBvKrhnNR1QhI5lIQxfYFOGKoGqOrzQkciQNAUwCmDeSjq8UJWyAHBTAWRRQlbCIiEAiIgCIiAIiIAiIgCIiAIiIAiIgCIiAIiIAiIgCIiAIiIAiIgCIiAIiIAiIgCIiAIiIAiIgCIiAIoXsoaxQjkTKFwFLfioXHFCORPrBQ1uSl1lDWKDIn1uSXKkuU280I5E+sU1uSkuQlygyJ9bko6wVPWKjrckIZE9wlwpNYKNxxQZE6KS44pc8UGROikueKXPFBkTopLnilzxQhkTopLnio3KDImRS6xTWKDImRS6xS5QZEyKS54pc8UGROoXHFSpccUI5E1xxUVJccUQZE6KS5S54oMidFLrFR1ghDIiihcKKEAiKFwgIooXChrFCORMikueKX5oRyJkuFLccUuOKDImuEuFJcJcIMie44qKkuOKXHFBkTopLnilzxQZE6KW5TWKEMiZFLrFNYoMiZFLc8VC54oRyJkuFKoXCDImJHBQUNbkoaxQiTFS2PBLlLkoBY8FBR2qCEdpAtUpapz2KU24ITIkc3ipDDv1qtvUtroTJlEw+SdGeBVayWKEdYpdFdREIdqq6oUwbZCGsUxDtuCnDFMpgAUJHIlDeAUQ3ipw3wKNgEJNYlDeSjqqZEIZkNUJYcFFEGYREQgEREAREQBERAEREAREQBERAEREAREQBERAEREAREQBERAEREAREQBERAEREAREQBERAEREAREQBERAFAlQJupSQEJkiN+JUC7goE3ULgITJEbnioKUuUpchMok5KhrWUhPNQ1ghHIqa/NQ1uZVLpByTpAhHIq63NR1+ao9KCnSBBkV9ZNZUtYIHDihDIrXHFLhUr361HWQhqlRRueKpa3JR1kGqVLnilzxVPW7U1u1BqlS54pc8VT1u1NbtQapUueKXKk11HWQhqk2so63JSaw5prBCGRNrJcqXWCa3JBkTXPFLnipdZQ10I6pPc8VBSaya3ahHVJ1G54qnrBNbtQapUueKXPFSB3NR1uKEHEn1lG4KkuEQhkTopbkJrFCBNc8UUNbkoXKAmJAUNZSoTZCORG54pcqXW4KBchHVJkuOKp63JNYoR1SpdvFLt4qlrc01jxQapVuOKKlcqOsg1Srcpc8VT1u1RDkGqT3KjrclT1+pR1kJcifW5KGsVLrBNYIMia54pc8VLrclDW7EI6pMlwN6kLlDWKEdUn1uCaypkjioawQjkVNfmoa/NUy8cQodIEI5FXXKhrKkYnaodIUGqVtbkmtyVHpCnSdqDVK1+ZTWKpCIFMHhAVLopLgqYOKDImFuCmUgcpgboSkwF1MNm5SKYHqQkJwbqKkU2/ahK0RREQgEREAREQBERAEREAREQBERAEREAREQBERAEREAREQBERAEREAREQBERAEREAREQBERAEREAREQBERAEREAUpN0J6lKTZCZIE2UqKVzkJksyJKkJUCeKkc9CdImLrdakdEUjncSqbn8EJ1EqF542UpeB1qk546zdSGJzQqKBX1woa54K3MTiVDpBxKE/ay51+SjrjgrXpBxKj0nNBqF1rjioh/NWoiHiFMInJCVwLkPKmEQq1EQcSpuk5oS6hc9KnSK31zxTpDxCENQuOkTpFb9JzCdIeIQajLjpFHpArbpDxCiInJCGoXOuFEOHFW2uFMHjqKENVlxrHio3Ktw8qOuhDJle5UNbmqOuU1igyKusELgFRLjxUC7rJQjqsra4UvSKjrhQ10I6pX6QcVERArcP4hR1wg1S4DgVMHcCrcOB61MHHrQhkV7lTByoh9+tTA3QlaK1wipg8VG/NCXInQmykvzQnggSIlygXKUnipHPshMkTl3NSl4VMvJUheOKEyWZV6RSmIVSMTgpDE5oTKBca5UNY8Vb9J2p0nahHtZch5UekKtekHNRETmg7WXQiKYPBVr0h5KYPB3oS6pchwPWo63NW4dwKmDyEJcivcpcqjr8lAvKDIrX5qBcFR1jxUC4dZQjqsqmIFIYhKpl46lI5/EoRUSqXncSoa46yqBiBSuic0KiplxrjqChrngrYxB1kqBidqEyplz0hUNc/bK26ROk7EbyI9rLnXPFTdIrTpAoiIOYQh2su9ccFEPB61bCJzUwfxQlcC5DjxU7Yitg/gVUDgUKbiXAIKmDlQa6yqg3QkaKoN1FSNKnBuhI0TA3UwKkBspkJSdFAblFCQIiIAiIgCIiAIiIAiIgCIiAIiIAiIgCIiAIiIAiIgCIiAIiIAiIgCIiAIiIAiIgCIiAIiIAiIgCIiAKBOxRUhKEUCbKRRJupSbbEJ0sw5ypk9ZUSVSe/ghUSIPfwVNzrde1Qe627eqTn2QqxjmRe/btN1SdE4lSufwVJ0RMyvGBO5542CkL1SfEAV1SqLW6/Mtk6HSZyfjO2CHLQXRHeJoVOpVhSjr1HkuLLmlbzqy1YJt8xQLyodLzWV8N6J+feKYTY8hgOchMfuMz9D+DevspbQC0hI7NaJRpSGSNxiu+RYh6Q4bF5Ksn0Zy6kzM09GsUqLNUJLpWXWa7CJfrUek5rPdT0FNIinMMQYYgzAAv9Dim/whY0xTkhmzg0vNfwJV4DIe10Rsu6IwDiS26qUsew6tJRjWinwex+Z5FOvo/iVvHWqUJZccs+o+QETkphE5q1cXw3FsQFrhsIcLEIIhWUTzWaMTKm1sZedJzUekKs+l5KPTclNmSdrLvpOxOk7FadKhi8lDMdrLvpE6RW8syYnJiHKSkB8aPGeIcOHDaXOe4mwAA2kkr6f51uZ33v6//R8X5Fb17y3tmlWnGOfFpdZcUbCvcJujByy4JvqPA6U/9lTCL2r3vnXZnfcBiD+j4vyL5+oyNSo85Ep9WkZiSmoOx8GPDLHt7QdqhRvra4lqUakZPgmmK2H3FBa1Wm4rnTROInNTiJyVkIvNTiIOKu8y0dMvBE5qYRDxCtBE53U3ScQhJqFzrniFAv4uVv0g4KHSckIahcGJzUpfwCr0mkVnEE36AodLmp+Z1S/oZaC6I/VG82aL22he0crcy+vAVf8A6Pi/IrWtf2tvLUq1YxfBtJ+ll3Rw65rx16VOUlxSbPnDE5qHS/hL06zgzGOHpUT1dwtVZCXLgwRZmUfDZrHcLkWuvC6XmFVo3FK4jr0ZKS4p5ktW1qUJalWLi+DWRddLzURE4OVr0vML3aNgrGWIZUz1CwtVZ+XDizppaUfEZrDeLgWula4pW8detJRXFvLrFK1q15atKLk+CWfUeeH8VOHnqK98ZW5mD/YOvfqEX5F5lZwziTDboTcQUKfpro1zD9FS7oevbfbWAuqFLEbStNQp1YtvkTTfWRrYbdUY69SlJLi00uotg4Hcdqna6ytmvvvVRruoq8LCUS5DlMqAJCmD0KeRVUC4BSF1lKXXQhkRc9SOcBtJUHOtsVJz7betCpGJM5/OwVNz+Cr06mVStzrKfR6dMT01EvqQZeGYjzbfYDavbdlZmZ9wVf8A1CL8ita19a28tStUjF8G0usyFCwua8dalTlJcUm+o+ZdE8KkMQ8V787lxmJIS0WdncEVyBLwGl8SI+RiBrGgXJJtsC+VdFO5TUbqhc5uhNSy4NPqJqlnVt2lWi4t8U11lz0vMp0p4lWZinivRoeH8Q4mjvlsPUWeqUWG3XeyVgOilreJDQbKerVhRi51GklyvYiNO2nVkoU023yLaUul5lTCIeIXujKvM/7gMQeGnxfkUsxlrmRKQIk1NYGrsODBaXxHukIga1o3km2wKz99LF7O3Q/EvaXEsJvEs3Sl+F+w8URFO2LzViIyqNi81kEywdLIvRE4qcRPwlZtic7KcRColN0y66Q8QheeKtukHBOkHBCXUK5ifhKUvVExD2L2KPgzGGI5Z07QcM1SoS7XFhiy0q+IwOG8XaLX2qlWuKVvHXrSUVxby6ytRtaleWpSi5Pgln1HlmJzVN0TgvpDldmZ1YBr/wCoRfkXgVqjVrD016BrtJnKfMFoeIUzBdDcWnrs4bthVGlf2txLUo1YyfBNNlxUw+5oR16tOUVxaaLcxOd1IYngVu6LzUmuSdUAkncArnPIpxp5lyY1utQMXmvoW5W5mvaHsy/r5a4XBFPi7R4lD51WaH3v8Q/0fF+RWHvrY/XQ/EvaZBYTefVS/C/YfPdKodKF9F86nND73+Iv6Oi/Inzqs0Pvf4h/o6L8ie+tj9dD8S9pH3pvPqpfhfsPnhFU4ic174yqzQ68v8Qf0fF+RTjKrM6/sf4g/o+L8ie+tj9dD8S9pK8KvfqZfhZ8+2IqgeeK99uVeZw/2Ar/APR8X5FVblXmb9wNfH/+fF+RPfWx+uh+Je0pvCr36mX4X7D59ruCqtdde+3KzMvf6Qq9+oRfkVVuVuZWw+kOvfqEX5FN762H10PxL2lGWFXv1Mvwv2HgNNwqjHWU1RpdTos4+n1enzElNQ7a8GPDMN7b7RcHaqQV7CcakVODzT3NGMq05U5OM1k0XAKnaVSYVO1TFFlRTg7FINwUzUKTJ2qKlG9TISsIiIQCIiAIiIAiIgCIiAIiIAiIgCIiAIiIAiIgCIiAIiIAiIgCIiAIiIAiIgCIiAIiIAiIgCIiAIiICBNlISpjvUh3oTpEL2UjipnFU3HrQniiR7gAqLnW7VM91/AqL39aFaMcyV7rDftVB71F71Qe9G8i5hEOerikUirYhqUCjUOnxpycmXakKDBbrOcVd4RwlX8d4ilMMYakIk3PTkQMa1jSQ0E7XOtuaL7Suq2i9olYXyUosGqVSXhz+I5ljXx5mKzawkDvW33AHq8JWGv8SnSqK1tI61V7eaK+lJr0Le/OzacC0fnij7dVerSW98rfBc/Ua75A9ztmqvAl8RZuzDoMJ9ojKdAiEbL7nm1yewgdq3awRknlll7Jw5PDOEKdKhgA1hAbrHZa+7evuRs3WspYsRkNpfEe1rWi5JNgFZQwmjn26+l22XGXerojuivTxbOk2tvRsYKnaQUFzb30ve+rmIsgwoTQ2FDawDqa2ymt1r4fFWdmV2C2OfiPGlMk9XfrzLAPGTZY5m9OTR2lIphHHUnEtsuyK1w+AlHjeG03qRqJ5fRTl6qZcSpzjtqbOlpdZn4gclZz1GpVThuhVGmy0yxwsRFhB1/GsQ0PTE0fq/FZAlcwaZDiPIDWRJljSTwAvf4FlOi4tw3iOC2PRK1KTjXC46KKHG3YowxHDL99oc4yb+a978jyZGMKiWvDdxXtRhPNzQpyczOl40eHQYdJqbwS2alAIbta2wkgbfCD2Lnjn5ol5j5HTEaemJV9ToQcSycggkw23sOkFvhHwLsgD1lWNZotMxBIRqXWJKHMy0dpY9kRtwQVI8Nq2L7ZhstX+h94/J81862cUzG32G2mJxyuI919JbJLp49D86OBeunSc1uHplaF81l5Hmsw8uZF8aiRXOizUnCh39D7CXPaB1bCSOreNi0yLyN5ssth+Iwv4N5as47JRe+L4c64Pc1uOc4nhNbC63aqu1Pc1ua4r81yFyYh4lSmKf8Asq2MTmVKYtuKv2zHqmfe5MvDs2MItIBvWJX4wLuDI0akOk4BdS5Qkwmm/Qt4di4a5KxC7NzB/vzK/GBd15D6Rl/yTPIFrtWjTrYvLtkU8qcd6z+dI6JornTw+Wrs7t9SKBolGt9SpT9A35Foj3Q3R3Y+SZm5hSnBsSVaG1GHCb66Hc99YD7G9+y/Bb+HcvLxHQafiaiTdCqcFkWWnIRhva9txt5JfYetVVrOKjVhtjkss+MXzSWz08hna9OF5Slb3DzjJZdHBrnX+xwQEX/sKoInNZS0n8k6hkfmZPUT0O8UmbiOj0+KWkN1DtLL8r+KyxG2KsxY3lO/t43FPc+TlT5U+dPYzkl9YVLGvK3qrbF+fg1zNbUXwiqcRfwlYtic1OIiuywdMvOk/CUpic1b9J2qHSckIKmzaPue7IUznyIUeE2Iw0192uAIP0aFxXVH5i0i31KlP0DfkXKvudrtbP4bf9Wv+OhLrGtYoW9KtiV06kU9sN6T+ajq+jjlDCaKWzbLrNP+6NSMlJ5LQnSsnBgkzsO/Rww2+3kuXvSLqR3Sc2yUgn+XQ/KuV3SD7ZVsDhGnWu4wWS7ZyeJA17TJOdzRb+h+qRc9Iuo/c55GSnMknOmpODGInoti9gdbdxXLAROa6q9zbN8jXn+XRf2KfGoRqV7WM1mtd7/EkNDU4XNVr6H6om05otI/imU/Qt+Rc/e6aS0tKVXCjJaXhwmlsbYxgaL2HBdEFzx7qE7Vq+EvxY3kCtL+2o0rm0lTgk+2ciX0JG1YzKU8LuU3839UTR1rupVmuvsVox3USqzHXW1ZnFpRLlruoqfeqLTcb1MHFRKDRUUrnW2KBd1KQnrQgohzrKi59u1Re7eVRe+3ahXhEz9oOshR9ISjQozGva6G8EOFwe+autAotHO35kyn6FvyLkroKuvpE0Qf7t/nNXXcblrFOhSrYncupFPJQ3pPkZ1zReUoYTTyeW2XWjFukLTKbLZOYpiwKfLw3inRtrYTQbajlxLiRe+Pau3ukb7C2K/e6N5jlw4iRO+O3rU2G04UcVuY00ktWnu2csyx0wTnSt2+M/0lYxeBW5/cxoMvOZlYghTMFkZnoFvevaCPsuK0ldF4Fbsdy3frZn4g2/wFvlcq+PKM7WMZLNOdP14mI0Xjq4lF80vVZ0w+YlHsL0qU/Qt+RWtUwrQanIR6fMUqV6KYY6G/VgtBsR2L1wjlUqYdaVIOEqUcns3I6Iq1SLzUmcadLXI6cySzNm5aWlSyiVOI6PIuA71l9rmbtm03A4HksJNiLsvpVZF07O7LadpZhtFTlIbo8nG1buZEa06pHhPiJHWuNlbpFSw3WZyhVeWfLzkjGfAjQ3Cxa5psfJvVHB7idCUsNuHnKn3rfzocj6Vulz5PlOf6T4Qret7roruJ/wCmXKuh715uQi2LzVRsXmrFsTmqjYt+tZ41GVMvOl/CTpPwlaiJyQxEJO1suekXTTubslJTuTc46alIMYioxbGJDDuvmuYPSFdQu5nnWyYnT/OUXyrBYzCNSrbRms1r8viSNw0Ni43dVr6D64m2fzEo9ttKk/0DfkXK7uiTIUtndChQYbYbGyFg1rQAPor11f4Lk73R1+rnlCF/4B/evVnc29KjiVo6cUts9yS+YzbMecp4VWTefe+sjVl0RXdCfrVyntO0GahA/nheS6LzV5QYv+Padc/wuD54WwXT+An0PqOa20PhYdKO8eEKPSouF6XEi02Vc90rDJc6C0knVHJex8xaP/Fcp+hb8is8HfWrSvckLzQvWiPaxhe7cNqweF2lt730JShHvI8i+ijslepPtslm976y0+YlH/iuU/Qt+RR+YlH/AIrlP0LfkWO6lpK5J0WfjUyq49pcpNy7tSLAjTDGPYeBaTcK39VRkH98qi/rcP5VbLE8BazU6fmXsDp3CeTzMmfMSj/xXKfoW/IofMSj/wAVSn6BvyLGvqp8herMqi/rcP8AeT1U2Q/3yKN+tQ/3lH3zwL6dPzL2ENSvz+cyV8xKP/FUp+gb8ifMWjfxVKfoG/IsbeqlyIP/AKj0b9ah/vJ6qPIg/wDqRRv1qH8qe+WB/Tp+Zewhq1uL85kn5i0f+KJP9C35FA0Wj7vmVKfoW/IsceqiyJP/AKiUj9ah/Knqn8izuzEpH6yz5U98sC+nT8y9gyrcfSc39M+HDhZ+12FCYGNaIYAAsANVYRadiy3pZYloWK8761WcO1SXqElGEPUjQIgewnV3XGxYih9ayejSywmgssu5OMaUOMsXuJRea1mV2KqN6oMVdu9Zw1xlQblM1SN3KZqFNk43qZSjepkJGEREIBERAEREAREQBERAEREAREQBERAEREAREQBERAEREAREQBERAEREAREQBERAEREAREQBERAERQO5CJKVIpjuUp3ITokcVSiOsqjiqDztQqJFOIepW8R2/kqjzv5q3iOQuYRKcR3UqDi57gxjSSTYAbSSpojlnfQwyefmxnBIxJyCXUuiOE3MnVuC8XLG+Ma3g5qxxG8VjbSr5Ztblxb2JeV5IzGF2EsRuoW0Nmty8FyvyI3G0FdGqUy+wnBx/iinMNfq7A9oeLmBDvdrRcXFrC/PsC26uAqcrKwZSWhSsuwMhQWBjGjqAGxUKxVJOiUyYqk9FbDgS0N0R7ibAABYyzoRw63lWuZd2+6nLn5fItyXIjsVOlCnGNvQWUY7Ev8AnK975zxMf5hYZy2w9M4jxPUYcrLS8NzyXOAvYXXM/SB0+sfY/nZmjZezT6LRgSwR2ttGii52jaQ0EeHsXx+mBpG1POrHU1TadOObh2lxjDl4bX3bGc3YXnqI3gePrWvStraynjKV1fJ9re2NPky5HNcre/VexcqzNUxvSKdCbtLF5ZbJT5W+VRfIudbX0F7Va1WK7MunK1VZufjvN3RZmM6K4+FxJVko2ulitip0oUoqNOKSXDYaVOpOrLWm83zkLkDYV9lgPOTMrLaehT2EcWT8oIRB6B0Zz4LuRYTbxWK+OLT1hSEWVK5s7e8g6dxBSXOsyrb3Va1mqlCbi+Z5HUPRa08qRmO+WwfmKYVPrrgGQ4o2Q45uB3pJvfbuO3tW5EOJDjw2xYbw5rwHNcDsI4r8+0GYjykaHMy0V8KLBcHsex1nNcDcEHqIK6kaBek7EzPw/wCkHFc0012lMDWPc/vo8IAAO7dhvz7Vg2qmCVYwlJyoSeSbebg3uTfLF7k3tT5ns6FguMrFV2mtkqq27NmsuXZyNelc5ttWaPT67TY9JqksyPLTLDDex7bggi3WuP2mZo7x8jcwIk3SpYjD1Ze+LKketgvLiTDHAW2jwjqXY8DmsM6V+TclnJlFV6E5jRPQIJjykW21kRvfA9lx4r8VNiUJWc1idJbYd+vpQ5fLHvl5VymRvLKGJW7tZb98Xwl7Hufn5DiY6IpHRFPU5KcpNQmaXUIDoE1KRXQI0NwsWPabEHwhWZeO1bBCcakVOLzT2nMXScXqyW1H32SUS+b2Dhf/AFzK/GBd4ZD6Rl9v+iZ5AuC2R775w4N2f66lPjAu9MgP8Bl/yTfIFhP/AG8/s4+tI3zRxauHvx31IqRIsOEAYjg0Ehu09Z3BR39a+Mziqj6Fl5WK3DuXU+CZoAGxJZ32w9W5W+SuadEzewBTMYUWZZEbNQGOitDgSx+qLgjqN7+G6kWLQWJyw2ayeqpJ8jzzzXSks+ddBsLofAqqnyvZ0ZbfSY60xdH+Rzry3mvQsswVumMdMyca1jrtabAm17HceXYuO0/JzlJqExS6jAfAmZSK6DGhuFix7TYg+EL9BL2NewteAQdhBXMPuiWji7CFfGbeGZK1NqBDai2GzvYcQuNnnxgHwKVS96r3X/wqzyf9M+R9Etz58uJrukGHe77b3RBfCU154+2PV0GlzYqnERWTYnAqcRLda2TM504F30nNDEVt0pTpTuTMhqG1vc53a2kAB/Nj/joS6z3XJLucL9bSCAv/AKsifHQl1t6vAtftPCN30w9RHTsCWWF0fvdZqH3Sw6uSME/y6F5VyoMTguqndMDbI6Ef5dC8q5RdIOajg/yi7+0XqQMDpbHOvRf9H6pF0IgXVzuaxvkU4/y6L+xcmw/musXc0jfIh3u6L5VNi3yi0+0fqSIaJxyr1vE/VE25XO/uoxAq2Er/AGsbyBdEFzs7qR9VsI/ixvIFTxP5RafafombJiyzwy48X9UTRdj7q4a7rVkwq6YVsRx2aLljrbVUBuqLDcWU7XWUxbNFTdvVNzr7ELlK42BKEIopvO3sVvEd1qq87FbRCoMuYI2B0EnX0i6IP92/zmrr4FyA0EDfSNonOG/zmrr+Ny1638J3X3OpnV9G1lhVPpl1oxtpHewtiv3tj+Y5cL4r++O3rXc/SPH+RTFnvbH8xy4URXd8RfrULLwtc+JT65lppUs6NDpn+ki6JbrW7vcsXF2aGIb/APsW+Vy0bc/gt4O5Vm+aGItv8AZ/aVbHPk0fHp+vExujcMr+L5peqzqPdUzFhmIYWuNcNDrcuKnIvcLCmdmb9MygzAwdNVp/RyNejfMuJELrNYX65aT4WgdpVHF8TWFUY15Rck5JPLek978m/oN9t6Krtxzy2N7f+cpmotaQRq3B3rm/3RbRyFGnGZwYVkNWXi2ZU2Qm2Au42fYDqJt2W4Lo3KTMGcloU1LRBEhRWh7HA7CCvHxvhGlY4wxP4XrEsyNLT8F0JzXC42iyhiNGdanC8tNtSHdR/qT3xz4SXpyfIW9a3p3VKVrX72WzofI/I/RmjgW2KevYqrYvNff6QuT1VyRzJqOE52DEEmYjoshFcLB8Im4F+sjd4Fjdr+ay9nd076hG4pbpedcz51ufOcrvLKpZ1pUKq7qOwvBE5oYnNWoiEKPSlXWZaahcdIupHcyTfJadP85RvKuV3SG+9dT+5inWyTnT/OUbyrCYt8fa+P8AokbZolHK5q+J+cTcbguS/dI3auesIfzf/evXWhcke6Uu1c9oI/m/+9ere98I2fTP1GbLjKzwyt931kaoOiK8oET/AB9TRffNwfPC8svHWVe4fefm9TfdkHzws1dfET6H1HP7aHw0OldZ+gDB31q0n3JD80L1Jn/MRPxT5F5eDvrUpPuSF5oXqzP0vE/FPkWJw/wVS+zj6qOr1vj5dL6zhrpQvtn5jIcJ8eY1YuD921ZM0pDbP7GQv/Dx8W1YuabFVcAS96rbxI9SOb42msRr+PLrZdNdzVaG7qVqx11cMPNZfVXAwksy5hlXDCSVbQ1XYbqbVXAoSb4lzDIVyw7Faw1dM3KKiuBZzb4lxDN7KuzereH1K4Zvupyznv2lVllXG9UGb1XbvQoMnbuUzd6lbuU7UKTJhvUylG9TISMIiIQCIiAIiIAiIgCIiAIiIAiIgCIiAIiIAiIgCIiAIiIAiIgCIiAIiIAiIgCIiAIiIAiIgCIiAKDtyipXIRRK5SO3KY71I9CdFNx2K3edhVaIbBUHoVoIoRCrZ52dqrxDsJVtEKMvKaKMQ7eS6j9ztyyhYTylOLJiD/hlfi+idcjb0Za3VA5aoHjK5fU6Si1OpylNgguiTceHAaBvJc4AeVdyMp8Py+F8u6BRZeGGMl5GE3VAtbvQtfxF+6L+3t+SOtUfkyUfS2/IdC0NtklWunvWUV5dr9Cy8p9cN1uC1Q7oVm9GwBlS7DlKmzBqNfIl2lpsQwnvj+aD4bLa43suUndGsbxMRZzwsPMja8vR5XV1Qdge57h5Gjxqjii901KNjyVJd14se6fneS8ptOIXLsrKrcJ5NLJdMtnoWb8hqftJ33JUQ1RtZRAutjSyOTNjwJYqYNU1gokmZStxUjgq5aFTcEJkyi4XC+4yNzInsqc0KHi6UmXQoUvMtZNAHY6C42dfsBv4F8Q7rVB4VreWsL2hO3qbpJr/AJ1l7Z3M7SvGvT3xaZ+gPDNblsRUCRrcpED4U5BbFaRuNwvRisZFhuhxGhzXixBGwha7aB+OX4z0fKEZiL0kenNdKPJNz3ji3b4r+FbFbxZYvC60rqyi6u2W2MumLcZelM6zKUW1OnuaTXQ1mus4xaeOWjcuM/Kq6TgCFJVsCdggbtawD/CTZx5uK1xLrLpF3VzBzHUbDGNYUH6JCmTKRXgbmOY7f4WNXNhxuUwFuFq7Z/4UnDyJ9z/paNK0goKlfymt00peV7/Tmfd5GuvnFgz37lPjAu98h9JS/wCSb5AuBuRfsx4M9+5T4wLvlIfSUv8Akm+QKX/28/s4+tIzuAbLB+O+pHwWkH7DuKfe6N5hXNbue2kfFy0x63LzEM84UOvRbQNc3bCjkbtp2B1h4e1dKdIP2HcVe90bzCuC0CYjykwyZloroUWE8PY9psWuBuCDxBVhVsvd1/cwi8pqNJxfCSc8n7eKzRWxO9lh/uetHas5prinq5o/RTBjwo8FkaC8PZEaHNcNxB6181mVgKiZl4OqWEK7Jw5iWn4DoRDxsBI+BYA0D9I6BnJlvAoNam4fphobBAmWucNaIBueBzG3xhbT9V1e0JwxezlSuFlLbGa4SW/Lri+GTMnGai41aTzi9qfFf82NHBzO3KusZNZi1TBNVhPDJaKXSkV3+lgE96b2FyNx5gr4UPK6zafejc3NfAxxlh2T1q/QmujN1G3dHhhpvDPbYeEBclYjIkKI6FFa5r2Etc1wsQRvBVfCLqpOMrS4fwtPY39JfNl5Vv4PNGhY9hasq/bKS+DntXNxXkfoyKuuULzvVC54qF+azBgtQ2z7m46+kJ//AJcT46CuuXUuRHc2D/4hTtv/AIrifHwV13KwFn4Ru+mHqI6Pgyywyl97rNPu6aG2RkMj/wB9C8q5O65XWDum5tkXD93QvKuTOsVNg/yi7+0/RAwulSzrUfE/VIuGvXWfuZ5vkMfd0Xyrkm1wK61dzNN8hT7vi+UKbFvlFp9o/UkS6LLKvW8T9UTb1c6+6lG1Wwj+LG8gXRRc6e6mm1Wwh2RvIFTxP5RafafomZ/FPBtx4q9aJokw7SrqGdgIVkxx3q6hHqWxHIJoumnaqiosOxVA5RLWSJlK832KJKpk9aiQSKcQ7VaxDvVxEO9WkQqVl1TRsFoHbdI2ifk3+c1dgQuPugWf/EdRPyT/ADmLsGtft/Cdz9zqZ1TR3wVT6ZdaMaaSBtkpi33tj+Y5cI4zu/I4kru3pI+wni33sj+Y5cIo3r3dpUtl4WufEp9cy30n+JodMv0lJzlvF3Kd180cRe4Gf2lo08reTuUvsoYi9wM/tKtjnyaPj0/XiY7R1f8AXx6JeqzqZ1laD91ce+Fg/C0Rji1zag0hwNiDqRNxW+46+1aCd1iv6S8L+72+ZEVDGEpdoT+th1m3V8/ctbL6Ej73ufOkiM1MAMwTiWodJiGgMEJzoh76PCv3r9puSRa/MHktvbX3LgXklmvW8mcxKXjajRngS0VrZqE11umgFwL2fACOYC7l5ZZg0PMzBlNxhQJqHHlp+AyLdhvYloNuW9S2eeHXDw+fePOVPo5Yfd5P6egoYde++Nsqj7+OyX5S8vLz9JgnTl0c5fOLLyNXKPJs9MFGa6Yl3tFjEs094Tbcdg8XBchI8ONKR4krMw3Q40JxZEY4WLXA2II7V+hiNChx4b4MVoex4LXNO4g77rlB3QbRwiZbY0dmRh2TcKLW4hdNhje9hRy498TuGtsB59qhTfvTfZP4qs/w1PZP1uksMfw/3bb+6YLu4Lbzx4/d6ug1F1ymuqFzxUL81sZoWoV9crqr3MA3yQnCf4yjeVcoy4dZXVvuXpvkbOe+cbyrC4r8fa+P+iRtGi0crir4n5o3KXI3ulptnvB97/71665Bciu6ZOtnzAH83f3r1QvfCNn0z9Rmx4qs8Nrfd9ZGpBcr7Dzv8f033XB88LzCeav8OuHpgpnuyD54WauviJ9D6jRLePwseldZ+grB31q0n3JC80L1Zj6XifiHyLysHfWpSfckLzQvVmPpeJ+IfIsTh/gql9nH1UdOrfHy6X1nC3Sm9n/Gfu8fFtWLmG/Wsn6U5/8AEBjMfy8fFtWLmHbZVsA8FW3iR6kc6xtf9xr+PLrLiGVcw1awzsVzDKy5hJl1D3q4hq2YdoVyxTFpMuIaumblbQ+pXTNymRZ1CuwbQq7FRhqvD3FRRZzKsNVhvVKGqrR1oUGVBuUzVKNwUzdyFNkzd6mUrVMhIwiIhAIiIAiIgCIiAIiIAiIgCIiAIiIAiIgCIiAIiIAiIgCIiAIiIAiIgCIiAIiIAiIgCIiAIiIApXKZSu3oRRId6pvVQ71Td+1CokUom5W8Q7VXiblbxEK0C3iK2idauIitonWoMvaZ9Vk3INqmbGEpJzbh9XliR2PB/Yu41PhNl5CXgtFgyExo8AXE/RzDHZ34Q1twqMNdtYNuhZ+KPItfXdYxUz5KcPTKXsOo6KR1cMb4zfoSEZ2pCe/7VpK4kaTtYiVzPXFs3EeXFk++CL8G7F2znriTmLe1P8hXDHO4udm/i8u3/NiZ88qDWtjFLPkpzf8AqgippPJrDcuM11M+KU7QpFUatgOcMmUdVQG9TIU28iUqR4VRypv3ITRKDxtVCJzVw9W7xtUCvE6W9y0rUSYwDiCiveS2TnS5o4awB/aVvOOtc+O5UOcZPGDerpmePVauhG9a7hOx14LkqT9OT62dYsnrWVBv6C9hqd3SaiQ6po9zk05l3SUeHGaeBBv8q4/LtDp/ta7RtxFrdTCR26jlxfO9TYU8r27j/VF+eETB6TLKVGXGL9Zn2+RnsyYL9+5T4wLvnIfSUv8Akm+QLgbkZ7MeDD/Pcp8YF3ykPpKX/JN8gUf/AG8/s4+tIvsB+QPx31I+C0gvYdxT73RvMK4JFd7dIP2HcVe90bzCuCZbtULLwtc+JT65lvpL8RQ6Z/pMm6O2c9ZyOzKp2LafMxGyZiMhVCEN0SAXAuNtxItcf9V3EwRi+k46wvT8T0WZZHlZ+AyM1zDcd80H9q/PeB1Lf3ubekp8yKkcmMVz/wDg8yTEpcSI/Y2w2wxfha45E8FJiEXhtysQh3kslU5voz8m583QSaPX2unY1Hzx6eWPl5OfpOlk1LQZuXiSsxDESFGaWPa4XBB2ELkNp66OUXKHMGJi6hSZbQK/EdFOqO9hR3OJI3bAdnhuuvodcdvWsb5/ZQ0jOjLeqYOqcEF8eCTAiaoLmRBtaRzBAKYlSnSlHELdZzp70vnQe9dPKudc5nLi2hfUJWtTl3PhLkf5PmOD5J61C44r6HMLA9by4xhU8G4gl3wpunRjDOs0t1272uF+oixXzRdzWcoV6dzSjWpPOMlmuhnOatGdCbpVFlJPJo217mpt0hjb+Konx8FdeuorkD3NE30hnbT9Sn/HwV1+6isLZ+Ebvph6iN9wnwbS+91mnXdOjbImGf5fC8q5L6/NdZ+6eD/IPDP8uheVclLlTYP8ou/tP0QMNpOvhaPifqkV2ngutvcyiTkIb/8Av43lXI9jl1v7mT7AZ93xvKFNi3yi0+0fqSJdGV8NV8T9UTb9c5+6nH/GuEB+DH8gXRhc5e6n/VbCHZG8gVPE/j7X7T9EzO4mv+3XHi/qiaIsO0q5hncrNhVwwrYjkc0XjDbeqoNlbsNwqgf1KKZayRUJJUjzsshcpHO6yjYS2lOIepWsQ71XiO61bRCoFzTRsHoFm+kfRB/un+cxdhBuXHrQJ/8AMfQz/uonnNXYZa/beE7r7nUzqWj/AILp9MutGNNJD2EsW+9kfzHLg/F9ce1d4NJH2EsXe9kfzHLhBE9c7tULLwtc+JT65ltpN8TQ6Z/pLd29by9yl9lDEXuBn9paNubtW8vcph/lQxH7gZ5XKtjnyaPj0/XiY7R35evFl6rOpQ6+1aCd1i+svDHu9vmRFv2OvtWgvdYRfBeGPd7fMiK3xf8A8f7WHWbbcfJa/iSOZC3l7nBpJRMIYl+dFiiou+ZlUcX050R1xCi22sBJ2DZcDtWjgarumVCdpE/L1SnTD4E1KRWxoMVhs5j2m4IPar/ErJ3tHKDynF5xfBr8nufFM0bDL+WH3Cqb47pLinv9q5z9ETHte0OaQQ4XBHWviM58rqHm7gGqYNrkoyNDnIDmwybXa7qIJ3G4BB6iAepYy0MNIKSzwyxlDNx2NrtKhiXnoOvd2s3ZrW4EWPhWw1r7T1Kxg6eNWThVWWeyS5YyX5p7U+hnQFJQkpwecXtXBp+3lOAeamXdbyqx1VME1yE5sanxi2G8i3Swzta8dotfndfJE8Sup3dEdGt+PsLfPMwvJ61YozXPjshsu6PBDSXN2dey459q5XOu0lpBBGwg9SuMIvKleEre4+Np7Jc/CS5pLbzPNchouNYarCvrU/i5bY83FeT2E2sF1e7lyb5GTnvnG8q5OFy6xdy225FTh/nSN5VJivx9r4/6JF9oyvhqvi/qRuaNy5Ed00Ns+4Hvd/evXXjq8C5C9039nuXH82/3z1QvfCNn0z9RmexPwdW+76yNQy4r0MOuPzfpm3+GQfPC85ehh76v0z3ZB88LNXXxE+h9Ro9BfCx6V1n6D8HfWrSfckLzQvVjtL4Tmt3kEBeVg761aT7kheaF67u1YzC4qWG0IvlhH1UdJuHlWk+d9Zz6zT7mzibMjMCtY3ONJeT+a0x03QCHramwC1/AvmG9yixONvzwZf8ARLpXcb1NccVaUMGnbUo0aVzUUYrJLuNiWz6BaVbazuKkqtSjFuTzffb35Tmq3uU+J2/+oEv+iVVvcrsTt/2+l/0QXSXwJZVfe2v/ADdT/R/8FF4bh730I/6v/o5vN7lriYf7ey/6JVW9y7xOB9fcv+iXRyyWUfe24/m6n+j/AOCR4Vhr/wDHj/q/+jnM3uYWJ2/7dS/6Ja65+5ITmRGLYGFZursqD40v03SNbq6p1iCPgXaKwXLvuinsySfuI/GOVBK5sb63h2+c4zck1LVy2RbW6Ke9GHx7CbClhlWvSoqMo6uTTfLJJ72+Q1ZZvVw3crdm9XDdy2tHKZlZm4Ko1U2bgqjUKDKg3KYblKNymG5CmyZqmUrVMhIwiIhAIiIAiIgCIiAIiIAiIgCIiAIiIAiIgCIiAIiIAiIgCIiAIiIAiIgCIiAIiIAiIgCIiAIiIApXKZSuQiiQ71I9Tu3qR6FRFGJuVvEVxE3Kg8bLoVoFrEF1axetXcQEXVtEG9QaLymz6/I6eFOzgwjNOdYCqwGk9rrftXcGTiCLKQYg2h0Npv4FwWoFSdRcQUysMPfSM5BmB/wPDv2Lubl/V4VdwXRqpBeHtjyUJ2sDe51QtfqLteMZv59P1ZbfWR07RGpr2FSHLGWfnX+x70duvAiM+2YR8C4f6RlOfSs7sXysRuqTU4sS3Jxv+1dw79S5Gd0CwdEwzn1NVFsItgViXEwDbYXB7gfg1VLVfasVoTe6UZx8uyS9Vl7pFSdTDJNfNlF+TavzRrSpwRvUg2qINlsJzNlRTaykBuooSNESbqR6muFTcblCaKKb1bvVZxJuqL7k7AoMrROkXcr6U+DhLE9VLe9jzYYDxsGhb5m91q73PDB0XDGj/Tp2YhFkWrRHzZuN7XPJb8BC2h6lr2D93SnWW6U5vyazS9COt28HRtqVN71GPVn+Zq33Reqsp+jtVIDn2dNRGwhzJNv2rjs5tyunfdVMWNlcDYfwnCijpJ2ebFe2+3Ua1x8ob41zILeKmwda9e6rcjnl+GMU/Tma3pPUXb6VPhHrbfVkfZ5GMtnHgz37lPjAu+Eh9JS/5JvkC4KZHN/yw4N2f66lPjAu9ch9JS/5JvkCf+3n9nH1pGS0fedg/HfUj4LSD9h3FXvdG8wrgwW3JXejSC25PYpH83xvMK4OFguoWXha58Sn1zLbSZ5UKHTP9JSDQvQoNaqmGqzJ1+iTT5aekIzY8CKw2LXtNx4OI6wrTVCjq8lm6lOFaDp1FmmsmafCq6clOLyaO2uiXnxT89MrqfWOmaKrKQxAn4PWyI3YdlybcORCzda4uuKeiBn9OZFZnSszMzBFDq0RktPsc6zGXcAIvg2g8jyXaCi1WSrlMlqtT47YsvNQ2xWOab7CLrAYdKVpUlhtZ56u2DfzocnljufkfKdJs7yOI26uY790lwl7HvXlXIaKd0h0aRiKjDN/CdOHzQpzT80Ww22MWAGkk2A2kWv41zGN+tfokrVJkq7S5mk1CCIkvNQ3Q3tIvcELippg6Pk/kPmdNy8vLPFCq0SJMyETUIYy7iTCvy3jkeSWcveu79yS+LqNuHNLfKPQ9so+VciMVj9j2+mr2C7pbJdHJL8n5D7ruaH/AJh3D+an/HwV1/4rkB3ND/zEO96n/HwV1/4qez8I3fTD1EX+FeDqX3us047p7syHhn+XQvKuSgN11r7p97A0P3fB8q5JtU2D/KLv7T9EDD6TfG0fE/VIqMPUuuPcyPYDPu+N5VyNZvXXLuZHsBH3fG8qmxb5RaeO/UkS6M/HVvE/VE2/XOTuqP1Vwf2RvIF0bXOPuqZtVMH9kbyBU8T+PtftP0TM5iXg648X9UTQ1jvhVxDduKs2FXDHLYTk00XbXW3KsHXVqx3UVUDlEtpRK1+JUr3bFJr81KShBIkeVQeVVe7eVbxELiCyNhdAkn1R9DH+6iec1diFx30CP/MhRLe1P85i7DjctftvCV19zqZ0/R9f9rp9MutGNdJD2E8W+9kfzHLhDEHfuHNd3dJH2E8W+9sfzHLhJFF3ntULLwtc+JT65lrpO8qNDpn+koFvFbx9yoFs0MR+4Gf2lpBYreLuVgtmhiL3AzyuVbG/k0fHp+vExujr/wCvj0S9VnUYdfatB+6vC+DcL+72+ZEW/HFaE91aAODcL+7h5kRW+L/+P9rDrNuuX/0lfxJHMvVUQOAVXUHBNUcFsBzNzMwaLGe1UyIzOka22ZeKROxGS9RhXOr0ZcO/tfePJddssO16n4mokpXKZHbGlpyE2LDc032EX/avz26vJdG+5uaSfouXdktiufHTS41qVEiPtrQgAOj27y21uy3BYC9j723avY/FzyU+Z7oz/TLmyfIbfo7iHbo+4ZvatsPzj+a58+J0AqUhKVWRj0+dhNiwJhjob2uFwQRZcaNNzR4mckcy5ifpkqW0CuRHx5ZwHewohcS5g2WAttA7R1Ls/wCuWIdKDI+l555YVPDMzCAnWwjElIwbd0OI3a0jwjw7R1qTEqc7apHEqCzcNkkvnQ5fLHvl5VymduLWN/QlbS3vbF8Jex7n/scLV1j7lsf8hU4P50jeVcs8W4Wq+CsR1DC1elnQJ6nRnQYrHAjaNxF+oixB4FdTO5bD/IVOe+kbyqrf1YV52lWm84ynmnxThI1/R6nKlc1qc1k1HJ/iRuf1eBche6b+z5L+9v8AfPXXrq8C5C9039nuX97f756p33hCz6Z+ozN4l4Orfd9ZGoJNl6OHvq/TPdkHzwvOXo4e+r9M92QfPCzFz8RPofUaNQ+Nj0o/Qfg761aT7kheaF6sclsJ7mna1pI8S8rB31q0n3JC80L1Zj6XifinyLF4c3HC6TX1cfVR0quvh5dL6znzmp3STFWW+YNawP6Tpec+ZMx0PTiIG6/eg3tbZvXyze6s4rd/sBL/AKYfItWtKYf+IDGez+Hj4tqxcwbVYYThMLuwo16tWprSjFv4Se9rN8pquKY/d215VpU9VKMml3MdyfQb9t7qripw+sGXH/zD5FUZ3U7Fbv8AYSB+mHyLQeGFdQ+pZH3hofW1f8yftMVLSjEFu1fwR9hvmO6kYrds9I0D9MPkVRvdQ8VuH1jS/wClHyLRGHvHYriHuHapveGh9bU/zJ+0t5aWYkuWP4I+w3rZ3TvFZ/2Il/0o+Ra7Z+Z3zme+LIGKZ2kMp74Mv0BYx+trHWJJ+FYmYe+HBXLNyqW+B21CvG41pylHPLWnKSWayexvLdsMZiGkd/fUJW1WS1XlnlFLPLbyLiXMPerhu5W8Peq7DsWaW41aZXhqo1UmKqN6FBlQbgpm7lKNymbuQpsmaplK1TISMIiIQCIiAIiIAiIgCIiAIiIAiIgCIiAIiIAiIgCIiAIiIAiIgCIiAIiIAiIgCIiAIiIAiIgCIiAKDlFQO5CKKblK/cp3blI7chOik7crd42Hkrlw5Kg8bSEKsS1iDb2q2iBXbxcdit4jfhRl3BlnEbxC61aB+Y8PHOSUhIRZnpJuigScYE98CxoG3tFj4VyZiNW0WgBnDDy/zQdhOqTQh0/EHet1nWaIwb+0D/lC1/HI9oVLEF/hPb4ktkvN33kN20QvVSu3bSeyosvvLavPu8p1WK0n7pZlVEr+BZHMKnypfHoj7Ry0beicbEnsuD4Fusx7YjGvY4Oa4Agg7wvGxnham40w1P4aq0FsWVnoLoT2uF94TE6E69BVKG2cGpx52uT7yzXlN/nShXpyoVe9kmnzZ8vkeTOB9yFNcLJukLklXckMwJ7Dk/LRPme+I58hMFpDYkI7QL8Re3wrGCylnd072jGvSex+h8qfBp7HwZye7tKtlWlQrLKUf+bObgTgkJrFSB1lHW5K5zLXImJKkcbITwUrj1JmRSIHrXuZf4Pn8fY1pGEKbCc+NU5pkHvd4Zfvj4G3K8IroZ3O3RpnqbFOceL5B0F8RmrTIMVliGEA9Jt3E38Q5rFYvdyoUe1UfjZ9zHpfL0RW19BnMCw54hdJSXcR2yfMuTy7jeHLvCspgnBdIwvJwhDh0+VZCDQN1gvo3GwuoDcsd585nUzKfLKs4sqUcM9DyzxCbrWc9x2ADmSQBzIVCcqWDWGzaqcUlxb3JdLfpZ0z42pm9me/guPkRzL7otmMzGueD6HKR+klsPwBBs07OkeAfN1fGtVNU8F7mKa7UMWYiqWJao7Wm6nMxJmLbcHOJNhyG4di8voyrjCLSdlZwpVO/wB8vGltl6WzmeK3yvrypXjub2dC2L0I+wyPYfnv4NP89SvxgXeWQ+kpf8k3yBcIckods3cHH+eZX4wLu9T/AKRlvyTfIFaf+3n9nH1pG2aNvPD5eO+pHwekD7D+KPe+N5hXCTU5Lu5pAbcoMUD+b43mFcLej2mwSy8LXPiU+uZaaVy1aFv0z/SWvRp0auejPBNQrOmla5aFlju2rpn3OfSRfiahuylxZPl9QpjQJF8Q7YsAAAbSdpFrHwLmo6HyXvZf41rOW+MaZjKhRnQ5qmxxFADrB7dzmnkRdYrFbOdxTVe3+NpvOPPxi+aS2dOT5DNYHiiw+4+Efwctkujj0red+gb7lgvS6yDpue2VtQpfQQ21eThmPITBHfMiN2jbYm28HkSvr8h82qLnJl1S8YUqYa98eC0R2BwJZEGwg87grIbgCCHAWsrWapY1ZJweTe1PljJfnF715DouShJqSzi/M0/yaOSHc7KJUsOaT87QqxKul52RkI0CPCdva9sxBBC648VrhM5EU/COlDIZv0aG2DBrcm6Rm4YbYOi68NzXdtmEdluC2OHasfgN1Uurm6lWjlNOKkudRWbXM965mQjZKxt6dKLzj3TXQ3sz5+Jp13TwXyHZ7uheVck7WXW3unW3IiGP5fC8q5K6iyWD/KLv7T9EDVdJ3lVo+J+qQYLLrj3Mj2Az7vjeVckWtsut3cyfYDPu+N5QpsW+UWnjv1JENGX8LV8T9UTb9c4u6qfVXCH4sfyBdHVzi7qtYVXB/ZH8gVPE/j7X7T9EzPYj4PuPF/VE0IY5V2OVq07VWaeC2DlOUyRctdxVQPIVu03CqB3UpijKJV11AuupNbkoOchKoh56lReVOSqTlAqxRsRoD/8AmQov5KJ5zV2HG5cd9Af/AMx9E/JP85i7EDctftvCV19zqZ0zR/wZT6ZdaMa6R4vkpiwfzbH+LcuEzxZ7u1d2dI/2FcWD+bY/mOXCx7buPall4WufEp9cyz0peVCh0y/SW+qOC3h7leLZoYh9wt/tLSTUW73cs26uZ+IPcLf7SrY58mj49P14mJ0blniEVzS9VnUAdfatDO6rDWwfhjlPDzIi3z4rQ/uqIvhDDI/lo82IrfF//H+1h1m5Xeyyr+JI5pam3cnRq56Mp0Z5LYNxyvXLbo+S9XCGKKzgfE1OxZh+ZdLz9NjtjQnAkA23tNt4IuDyJVl0akczkqdajC4pypVFnFrJrimVKVedGaqQeTTzXSdxdG7Oik53ZZUvFcjFHoowhDm4RPfQ4rdjgfCP2rKhFwQuOuhFpCTGS2ZEKkVWZIoNeiMgRw59mwopcA1/AA7j4D1LsHJTkvUJSDOysYRIUdgiMc07CCLrCYdUnbylh9d5yh3rfzocj6V3sudZ8p1C0vIYhbxuYb3skuEuXyPev9jnX3SfRpuG5z4Rp3fMGrVGQ274YB7+wG8W8R5LJvct/YLnB/OkbyrbfFWHKbi2gzuH6tLsjS87CfCc1zQ4bQRu8Kwxom5TOyVpmJ8DteXS8KrxpiWuNrYMR12t52Gy/WsLUU8PxC3smvg5TcoPh3MtaHNk3nHmbXIXcLRTqTvYb9XKXPtWT8u58+3lM/dXgXIXum23PuX97v75669BciO6Zi+fUDZ/q7++esxe+EbPpn6jLDE3lh1b7vrI0/seC9HDgPpgpnuyD54Vnq36l6OHW/4/pmz+GQfPCzV18RPofUaLQl8LHpXWfoJwd9alJ9yQvNC9SZ+l4n4pXl4O+tSk+5IXmherMfS8T8U+RYnD/BVL7OPqo6ZW+Pl0vrOFulN7P+NPd4+LasWsFllTSkbfP/GZ/l4+LasXNF1WwDwVbeJHqRznHH/3Gv48usqsGxXDBuVBgVwwLMGDmy4h9XYriHuVvD3q4YootplxDV0zcrViuWKZFpMuYZ3KuxW7NwVdnrlEtJorsO1VhvVBm9VhvCFuyoNymapWqZu9Ckycb1MpRvUyErCIiEoREQBERAEREAREQBERAEREAREQBERAEREAREQBERAEREAREQBERAEREAREQBERAEREAREQBERASHcpFOd6lO9CdFJw2qlECruCpuFwhVRavHWrd7d6u3DqVF7fgQrwlkWURvWoyM9O0ioS9Upsy+XmpSK2NBisNix7TcEKo9nWqD2dSkqQjUi4SWaexl5SquElOLyaOvGiHn7T85svZRs1MsbW6cwQJuDuIeOG3cd45dhWfgL7SuHmT+bWJcmsZS2KsPR3arXNbNS+tZsaHcEjkdmw9S655GZ94Nzrw1L1ah1GF6LLQI8sXgPY+wJBbvB5LV7ao8HqrD7l9w9lOXFfQb+kty+kufM6/hGKwxmh2xfGx75fqXFPl4PmIZ9aP+DM9cLRaLiGTaJtjS6VmmgCJCfYgEOtzXKTO7RfzNyTqkwyr0iLOUlriYNQl2FzNS9hr7O9PjHNdrSdis6lSqbV5Z0nVJKDMwXCxZEaHBXNWzq29V3NjJJy76L72T4/0vnWfOmVL/DrbE4KNwtq3SW9c3OubzM/P+oLsTj3QXyBx3GizcfC4p0zFJcYsk8wjrHrOqRfw3WKpruXOWESK50tjGtwmHczWYbeEglTrFLmCyrW0s/6XGS8m1PzpGr1dEa6l8FVi1z5p+XY+s5lnkrim0upVmdh06lSEebmox1YcGCwvc48gF1Bw/3MnJmmx2xqzVqvVGtN9SJGLAfzLLPmXuj3lNlhDAwng+Rlomy8XogXm3E9fhR4je1u5t7dx55tJeaLk30bOkq0NEpKWdxVSX9KbfpSXWaP6KmgNV6zOyeN835L0LJQnNjS9McRrPIIP0QWsd27dx4Lo7TKXI0iQg02my7JeXgMDIcNgsAALK5DQ0bBu3DgqcxMwJSC+YmYzYcKG3Wc9xsAOZUKForeUrq6nrVMtsnsSXBLkXXytm121tStKSoW0co+lvi3yv8A4hMR4MrBfMR4gZDhtLnPJ2AAbSuV+n3pHfPMxV87vDU651Fo8QiaLTZsWO1xs07durYE8+xZe00tNCWkZabyxy1n2xJyIHQZ2dhPuIALSCAR9lt3dS52v1oj3RIjnOc4kuJ3kneVb28XjVxG4a+Ag84/1y+l4sfm8Xt3JGB0ixeFpSdlQec5bJP6K+j0vl4LZxLboynRq46McFEQ9u5bLkaDrn1uSsMDNvCB/niV+MC7rU/6Rl/yTfIFwyyXh2zYwkf54lfjAu5sh9JS/wCSb5AsC/C8/s4+tI6DotLWw+XjvqR8Jn/7EOJ/cEbzCuGxh7Su5Wf3sRYm9wRfMK4fGGLlLFf92ufEp9cyz0xlq0Lfpn+ktujUDD4K66MKBh8FnsjRO2Fo6HsVJ0M9W9XzoezcqboSZFSMzZ3QN0h4+VOPYeC65OOFCrsRsNgcbthR3OAFttgDt8NuK6zS8eFNQWTEB4fDiNDmOG4g7l+fhoiQYjYsJxa9hDmuBsQRtBHhXWDQR0i4WauBmYRr02DX6I1sF4e7vozA0WeBwNie261utH3qve2f4VZ7eEZ8j6J7vGy4nQ9G8TV5Q9yVH3cF3PPHlX3eroNpo8lLTfRGYhNeYMQRIZI9a4biFXtYI03QrLxhGLcktrNhzeWRp53TcXyLhj+XQvKuTWoV1o7pk3WyOhC38OheVcoOiHBY3B/lF39p+iBqWlUsq1HxP1SKAYF1p7mWLZCO93xfKuTw', 9);
INSERT INTO `banner` (`bn_id`, `image`, `date`) VALUES
(10, 'data:image/jpeg;base64,/9j/4AAQSkZJRgABAQAAAQABAAD/2wCEAAoHCBYWFRgVFBYZGRgYGBgeGRwcGhwcGRoaGRoaGhkYHBweIy4lHB4rJBwYJjgmKy8xNTU1GiQ7QDs0Py40NTEBDAwMEA8QGBISHjEhGCExMTQ0NDQ0NDE0MTQ0NDQ0MTQxNDQ0NDQ0NDQ0NDE0NDQ0NDQ0NDQ0NDQxNDQ/PzQ0P//AABEIAJYBLAMBIgACEQEDEQH/xAAbAAABBQEBAAAAAAAAAAAAAAADAAECBAUGB//EAEQQAAIBAgQCBwQGBwgBBQAAAAECAAMRBBIhMQVBBhMiUWFxgTKRofAUUrHB0eEjJDRCcpLxFTNTYnOCssIWByVUs/L/xAAWAQEBAQAAAAAAAAAAAAAAAAAAAQL/xAAaEQEBAQEBAQEAAAAAAAAAAAAAEQEhEjFB/9oADAMBAAIRAxEAPwDPQQqiRQQqCbYTQQyiQQQyiESQQyiRQQiiUSUQqiMohFEIdRJRRShRRRoCiiigKKKMYEWkTHJkSYCvGJkSY14Dxo14rwHvFOt4LwSjUoo7KSxvfUjmZzGOQLUdV2V2A8gxAkzVkCEnBgyYMqJR4wjiArRiJa4dTVqiK3slhfW2nnNvjfDqCUi1O2a4/evpz0vJVjl2EGwh2EGwhAWEEwh2EE8KC4gHEsNAsJABxB2h2EhaNXEUEOgglhkgFQQqCQWFUSoIghVEGghlEAiiTEgsnKhR40UBRRRQFFFIkwHvIkxXjEwLHD6QaqitszAHyJm3x/g1KlRLICGzKNSTvMbg/wDf0/41+2dV0t/Zz/Ev2zO73Gszmuf6NcPSszhwTlAIsbbky7iODUhiUpAHIyEkXN7i/P0jdCfbqfwr9pmli/26l/pt/wBpN3q5nAMV0foK9NQpszMD2jsFJ+6TxfRekVbICHt2SWJF/GN0wqsiIysVIc2INj7J5zlP7Ur/AONU/nb8Yy6bMdz0dplaCKwsRmBHcQxg63R6gzFipuxJPaO5NzK/BcIalFHerVzG97VGA3M56vjqorMgq1MocqO217Brd8TpeNnjHR+ktJnS4Ki+9wfCFwHAaLUkZlOZkBPaO5F4bi/DwtF26yqbLsXYg+Y5y/wv9np/6a/8YvCdYPAOEUqtLM4JOYjQkbSWA4RSatWQg5UK5dTzvfzl/ol/cf72+6Pwn9pxPmn3xfpmfGTjuG00xFOmoOVrX1N9Secscb4RSp0iygg3A1JO8JxX9spf7ftMudKf2c/xL9sX4T6zOCcFp1Ked7m5NgDawE0v/GsP9Vv5jOb4ZjshCu7hP8rlcvjYbzqDw8Ml0rVdR2T1hI8/GNpkc50j4IKQD0wcuza3ynkfIzQ4X0aotSR3DMWUNvYC4vaYvFWxCMadV3IP+ZirDvF952fCz+r0/wDSX/iI34ZKo/8AimG+q38xmH0o6PUqNLrKdwQwBBNwQfsl7o664hSDWrdYvtAVWFwdmA7uUq9OMOKOGL9ZUY51AV6jMpvfkZP0/HEOwges8vfMxsS5ub2HuA8rbn3wmG29ktrvrr8ZrUxfpVQfm4lpLHYznUqm/OW6WK7/AMO/Xz1gbyiFQTNoY75P2fnL1HEqfCVFlRDoIJPCGWETEeKKUKKKKAoopEmAiYxijGAxMa8RkSYF3g5/T0/41+2d5jsGtVMj3tcHQ2Ok80DTRXjOIAt1rfD8JncazY7ThvCadAkpm7QANzfaU8UP16n/AKbf9pzH9tYj/Fb4fhBNxGqXDlznAsDpcDujzp6x0fTX+7T+P/qZx1pdxWPq1AA7FgDcXtvKwWXMmJu3XedGv2en6/aZB+jtEuXObMWLb6XJv3TlMPxOsihUchRsNIX+2cR/iN8Pwk86vrHX8e/Z6n8P3iT4TrQp/wAC/ZOIxGOquMruzDu5fCPh8fVRcquwHdy+Mnnh667nAYJaS5Eva5OpudYqGDVXZxfM9s2umndON/tiv/iN8PwiHGK/+I3w/CPOr6xs8U/bKX+37TLfSn9nP8S/bOSxHEmzB3ftDYm19O7vlTHdJGZSrMzjTTYeHKWfEv10fBOGUKyXObMujC/uI0nRYHALSBVS1jyJvby7p5OnHaqNmRshtbs2ub95N/kR6vSrF8q7egGnwvJuaubj0vpNTU4aozAdhSwPcRt+ENwU5sNSvzprf+WxE8kx3SLEVFyNVYre++55XI+6V8Hx/E0lyU6zovJRaw8gRpE4enqNLojRRsyPVRtdVexsdxe2vrMDpvw2jTpqXqVqjk9gPUJVRzZtNBy7zOVHS3Gf/Ic+HZ+JtMviHEqtds9Zy5A08B4d3nvE0uIVayAZVAJ+sQD/ACryGslh6mnte867CVNPn7z/AF9Iaimn/wCf+2sqYrLCKYFB4iGFzzB9RAMjSxTq2lZEJ/qIQIw5e7WKRp0MYRsZp4fHg7znQ1t/whkqS1I6lagOoN5K852liiNjL9LiX1oSNO8V4CnilbaFVgecoeKStGuIEYrR7xZoCCxjTj54xqQI5ZA6RF5GxgPmkxGWmYTq7bkDzMBhHtF16LuwlarxRBtr8BAtCSEym4uTsAB5XMrvxN/rH3AfZA3vOCfFou7D0/Hac4+KdtyYJmMDcqcYUeypPifwlWvxVzzyjwGvxmZaLJ6eciptWJJJ18Tr/WCJ+eUYkDQan55RGm1+12fPeAxjMwG2sl1N9jp3n7hvHyW5E+enwkFc3PKw90i9ufuGglk0mPL58PyEiKPv+eX4xVitl8LSDKJcNE93v2/CQal3ke8fdJViqSN/6+/lJ4dtD5/hJtTXf8TC0SLQrMCySW539/5SfXW/dHuW/wABNfg/BmxC1HD0kSlkztUJUdskLayHmLeohlkAQyEjnabGJ6PulNqqPh6yLbOaTlilzYFgQCNfCZVm+oPcfuModarfW+JhUqN86wSq/wBQe5vxh0DbdSPTMID9b32934QgqDSy+4n7NZbxCKjZaYzpZTmyFdSAWGVtdDpfnE6k7KB6J+clFcVLciPX8ZcpYphyLDyv9krfRSTsPePuEIuDPevpf8IqxdTiI/ze64lleJLsbe6Zv0U22U+bN+EG2GI3yjyb8pakboxAPIRGqe4e6YoqEezYeXzYwiYs/P5RSNZcR3qJL6UPqfH8pjfS/wCIwdSvfcN62luJG6cYnMSJxydx+ExcDTz1Up3KZ3Vb2DWzEC9r+MLjaTI7081wjst9icrEXsNr221ikXKvEfqLbxOvrKFbFMdCfjaX8HwmpVUsCiIuhd2ypfuvuT5SGP4M9NOsVkdQQC1N86qSdAx0I9RbxikZQudtYzUz3W+MhVfTtajvJv7jLnDcEtbrTcL1VF6h7N82Ur2b6W331kqxXGFY93mT90N9DUC7Oo+MhWw7IiOwXLUz5NASchyt5a/fAGrfmv8AKPdtvFFumlO2jj1+7UWhTQQDVtD4ffM9G72C/wC347bQ9N0JAz9/IL8SIBwEGzKPcPjrGyUuZBP8V/vkXKc3FvNZb4dhGqvkptqFLMSQFVRuxbkBf4yVoFAnK3oRb1tJBAdAPvHuE0jwhyrGnXp1CgLMqOGaw3NiBceUz3RhTFQschcpfT2gATp3aiKIMthoD/IfstA2tyfzCWP4yQq32J8h9sg+IsbWJ94+N7QEjKf3G0+t3+Rg6p7vtEMaqdWXJs4YAJlvdSNWz3sNbaeMz3xZ5ncdw0300Egi6Medvj+EC1A8yT6/d+cm+INxrf1t8OcC1U8jfzJlDOltyfUQmG2359xgRUP1fhCUKjWPn3SAC1PnSdd0WZDhMb1obq/1a+QgP7bWsWBG9vScktcaW+E1+DceSjTrUqlE1FrdXcBylshLDUKb6kd20DosEtJ6Fengy6uUzP1tmLU0Nyqslgp8xrK3FU/VcGP8tb/7JRHSWkiOuHwwps6lGc1GqNkO6rcDLeRo9IUaklKtRz9WXKNnKWDm5VrA5hfygdQ+Jp062FNSwH0KkFbLmyOVYK+XnaA4s1dqLM7066Bl7am7oTsNgVv3EETGxHSgPUR2oIwFEU2QnskC+qm3YOota9u+Dr8eTq3p0aApiplzkuXYhDmUDQAC8DsGcDFViQCBgybHY2RDY+EysNi3rYfEiqc+QU2S4HZJaxy2GgI0tMqp0mvVeoKft0DStm2ugXPfLrte3xmbg+MMlOtTyZutVBe9suVs17W7V/SCu8xGajkSlXo01CKWV75nZhcs9lNwfOU/pOHTEVSjqgdP0bhcyU3IFyBbQXzC/K85xOPI6oMRhxUdFCKwdkJQeyrgA5rd4tBUeMfpHd6FJkcaoBky22yMNUOnrzhK3uKVKyrTes9KvSFVbugDMQNWpFgRa4ubEesPi8XWqdY1CrRxFIhiKBADqluSEA3UcweU56tx9AipRpBEDq7BmNTOy6AMWAGXwtCUuP00Y1KOGVKlms/WMyKXBDFUsLaE2BJAvLNLjKFQn90H58p3eFxFRKtKi9TD0wSithxdiQ1gQwCkZmvzPOcBTU3Bubg3HmJ0lTjimoMQMOorXUlyzMtxYFlS2hNu8285fKel6hUFKnxAU0UZKtNUuLgWqOoax5jl42gWVsRhab12zOMUED6ZurZAcpPMX75VxPGkIxAWmV+kMjHt5srKzMxHZ1BLbaWlUcUP0fqApv13WB79yZMtret7xCuiqcTdcamHUAUlqoqplGUAFQGGl81+1eYHFh+s1v8AVqf82l3/AMhQ1FrnDr1wKlnznKSLAkLawYgb623tM3GV87u9rZ3ZrXvbMSbX57y4m61uNMRh8KF9gox8C5bt+o++YyVXVWCMwUgZwCbEA6ZrcrnnLuB4vlQ0atNatO+YKSVZTzKsNR5R8TxYZGp0KS0ke2c5i7MOSljsvgIBekygtQ3B+i0dRodjNfGofpePOhvhWsP9tOYVTjCMqZ6IZ6aKiNnIUhPYzpbtW8xeTqdIc1WvUyf39MpbN7NwgzXy9r2dtN5ItH4nxCqcPglZms+fMORyVQEv5AC0lVRTxa+fUV10t5aXBlJ+Jo9BKTJd6ZbI+a1gzhiCtte7eWG4ynXrifo467MpY5zkNrBiq27LEaXN7XvvEKv0kanQxLI4znE3RiL5CcwJAN9bFhfleNRwtVMPTejXpU6lZ6rVKjk5ms1gqkK1huSNNTOer8XfqqtPKf0lUOGzk5Rr2LW133uNtpHBceAp9TXpmoisWQh2R0J0IDa9k91pIVa6WUg3VOrI9UoRWNInKWU9l9hqQddBtM/gvFRQZg6Z0qIyut8pKsQbgjmLSeP4kahGRAiKoAVWJPm7HVm8TFwniTUSwKK6VFyujbMAbg3GoI5GBo4HCUazZcHWdKpDZUqoBmsCSoqJptfcaw2I4jW/s6muZhmquhH+RVFl22gKXGqdI58PhRTexCs1Rny3BBKqQBe19TeVE4r+rnDvSzkOzI4cqUZgAbi3aENNrjXFKmGxH0ej2adMIMgVSHuqsxe/tE3MvBFw9XHhF0REZRuoJKsLDwJ28Jzx6QoxR62HD1UCjPnZVbJ7JZLHMdBzF7SoOkTfrJdQzYgAE3y5bNm2sbjS1riQbQxb1cHUd2JZsTTBP+wi81cfWNGv1a4jDJRQoppOWuy2GfOMhDM1zrfmJw9LjOXDvQye3UV8+bbKpFsttfO8vP0lpOQ9fDK9UAAv1jKrFRYFkt2joL2IvaIlamExNBHxKUKqUmdlNGqVzKE1JTNYlNxrblMzpNTxB6tq3Vvo2Wslm6wXGjMLAldtgddbyjh+K0u2tXDpUV3z9g9WyHXRGUaLr7Oog+KcXFREpU6fV06ZYqoYsxZrZmZjvsOQhWfUQ/WHwElRTT2h7/ygGqnvPrrD0KunLfulZZ2aTV4ICGpC2ov8fugGp0GIvYgHY2l1eHPuWUe+VVqN378jr9sk5vbO1/QfJgaOGwlM+25v3jsj3mH+j4cbvf1JPrlmOaij2QD5Xtt4y5RwztQeuuQIjorD98Z75W2tl0I39IgtOKA1CMdOZIX33vKuJxSEAIgFt8uvxMJjeD1EpUq7kFat8oBJZbbZhbS41Fr6TQbgtSlTxCsKJyLh2csCXp52BQIcvZbUZvDvlgw3qk6hQPn3Rlpk7n4zsE4DTpV8H20cP1RZbls+dm7YBWxQgAa6+EqYno47PVyNSzqXbqgw6wICT7IFhpbs3v4RkTawUpeEs08PzMigI3+wTYHBKmVSWph3UMlNntUYHYhdteQvczSMzKBt74N3m0vAq2erTDU70cpbUhbMQMwJGwvck22MDS4Q7s+V6eRLZqpcin2hoAbXJ5aCSkZUcS5xDhr08hLK6P7DocytY2IB7xpoRLw6NVblc9M1AL9UH/SaC5FrWvbleKRlKJIzWwnCUbCtWLoGDgAEtpYNdTZfaawI8OYmTRol3RFtd2VRfYFiAL+ECbU7IHBvrblva/f5QV5t1Ojj3akWo9aNlDnrHyjlpbUC4vY2ImfgOEu6M+ZERSAXdiq5t8otck87ARSKbmDmjW4M61KdMsD1pUIyvmRszZQbgX0J10uISpwCpnFIPTZyWuofVAouWe47Itr3+EUjLzSaVZcxPBnRGqJUp1FUgNkcsUzaC4IBsTpeGbo66lA9WiudVZMzsM2YAj93Te1zYX5xSM8C+0hVoA7i0uUOE1mqtSICmncuWICKBuzNtbb3yeO4e9NA4ZKiE5cyHMA2+U3AINtdRBGNUwpGo+EDndfm/wCc6WnwCq2Tt0ldgClNntUYHUabC/IEiTPBV+itWd0VxUK2JcHsoxKEZfbJAIG1uccWa5tcX3gjyN/6QqYoG+oP26+BmxjuBu9jakpTDJUyoCpZLbkW7T8zMbDcId0q1FKhKSgsTfXMbKq6G7E99hpJMW6k1cDv9TaRLA7W+HpL9Do/WIQNUoozqClN3s7A+zZbELflciZdVSjMjgo6kqwPJgbH5vJFp3QeEC1MbW1lrhmCevURKdiWJA8AN2bwG86qthOG4Y9VWL1XGjlb2U89FIA8tSIVwj07coNl8TOv410fo9T9Jwbl6N7ONcyePfbUaEXF77bcqVHff58YFZl8YagNJBqcJQTT1gVQwHL744qQaiEVIjNPmJk0S8S2k1JlRJadt50PRVM/X4YDWtRbIO96ZDp9je+YSLLeFqOjB0Yqw2KkgjloQbjcyjtkw64mrWwo1SjUw2T+CjajVPuN/SUvpJrUuJVOTtRK/wAPW2X4WnPUMS6MWV3VmBzMrEMQTcgkam/3SVPEsAyKxCtbMASA2XUZhzkhXVGi30jhzZTlFHDrmt2bhm0vtfwlTgDf+4PfmcR69l95hU8fUCqoqOFQ3UBmAU8mUX7J31EalXZWzqzB9bsCQxzXBNxqb6ywqqovOu47gnfGI9NSUcUWRwDlVQq3ObYAWJ8JzRcCbuGxGHKIDiatNAF6yiQ7BmBu2XL2bN47RpjT4k1qnEiPqJ8SglHhFRWwLr1PXMtcMyZmUhSmVW7JBIBBHdreY3FOKNVq1XUsi1G1W5F1HshraG1h6ylh8SyNmR2Ru9WIPvBkhXSVyWTD0Gw4w9N691OcltbKxsxLAag320mvwqiq43KuGyLTdl61nqFjoVDXLZSW0sLHecPXru5zO7O1t2JY6eJhX4hVbLmqO2Qgrd2OUjYrrpLCt9KD/Q6yhWzLiVJABuBkOpHITJ4Qf09H/UT/AJiBHEKt2brXDOO2c7XYWtZjfXTvi4bWVKtN2NlV0Zj3AMCT7hA6RcFVHE82VsorM5axy5LkntbWtp56SYrq+FYrQ64LiahZczAqG1V7KQSLaazm+L8UdqtYU6r9W9R2ChmCEMxIOXxuNxKuFxbIcyOyHvVip94khXT9e/WYJDQFFBWVqYzFmIaoua4YkqCddfSVEet9NrNQAZw9Y5TYh1zNmXKfa05DWYbYpy+cuxcEEMWJYEbENe94xrNmz5jmuTmuc1+++9/GWFdBisGlShVq9Q2HenlO7ZHLNlKgNqp8AY/SjA1XegUVmDUKKrYE2NtVNtjqD6zAxWOquBnqO4G2di1veZqcZ4yS6HD1XA6mmrZS6aqtmB2vaQdJiKytVx6BBVbJh+xmYGp1YAexXtXBtoN7TCxOIZcM4XCijTd0BYu1yy9oZQ5JOlwSJziVmVgysQQbggkN5g7wmJxzub1Hd7bF2LW8sxiFdP0g4fVrYwPRVitUU2puL5QMqi+Yeza3paDFN/oLjWoUxhLFbsLCmQWvb2b8/Gc9T4hVVCi1HCHdQ7BTffs3tGoY10DKjsobRgrEBhro1t99pYV12Jxi08ThGb2ThqKv3ZHVla/ob+kqcaw/0agMOdWeq7t39WhKU/Q9ppzlSsz2LMzZVCjMSbKNlF9gO6SrV2cg1HZzYAFmLEAbC51t4RCux47TR8QHXBirnVGRw9UZhlUCwQ5Ra1vScf0kLviKjugRi1mUEMoZQFOoJHKTTGVUXKlV1Q7qHYL7gbSm7keMZhW5/wCm4C4ts1rtScL55kO3fYN8Zy+KZ0d1qauHYODr2gTf75bw+LZHV07LqQVI+dZ0r9IMHWs+LwpaoAMzJ+8RzIzKfeTJq4bog36ljXcZaZpkC50LZHvl7jqnvE4Yr3WPlPSuGcZw+OD4E0eqpsv6PKQDde1sBYHnbXY3nIdK+jL4NwQS9Jj2H7j9Ru5vt94AYBcjvEs0KmkqZzz1h8O2h8/wkM0BWklkVHzzhEEokoh6cGtuZhQ9tpUFWSU98EG8JIP4wDrcwgblf3bSqj/GED92kqDqJFn9R98Hc+7+sbOfG3yIEy3zz0jZjB5z3eZ+fnWObQCGSUesEXk83Lcf198Bw3nCKdB5wanxkr7QJsZDNGzeUifn+sB2N/6xKZAsdhrGF7wDXjXkA0e8CV4rwZjg928CTQQaSJiY6wIFogYvWL58IE+s+EWeNaRAHz9kA3WyLPBn5/OQJ90gk8Gw5RM3ORv+cKSVSrBkJVlIKkEggjUEGdfjemgrYN6NanmqsuXNpkJ5P3hhvYDccpxzqPn8oNhaRVd0h8MNPWQLd8JSGnrGiuJNGMeKBNYrxRQiQjrHilElEJTYknw+eUUUB1JP56ySiKKVCvf59YxsOUUUCXd8+UkR90UUBy3xjjSKKAiYzRRQIqdL98cr8/PrFFAQEUeKA5g7/PrFFAlaRv8ACKKAxYd0YnaPFAhmO0cGKKBFjIE8oopFRJjGPFAiTzkWMUUihuYShsfP8I8UaY//2Q==', 9);

-- --------------------------------------------------------

--
-- Table structure for table `basic_table`
--

CREATE TABLE `basic_table` (
  `bs_id` int(11) NOT NULL,
  `whatsapp` text NOT NULL,
  `telegram` text NOT NULL,
  `min_wd` text NOT NULL,
  `min_add` text NOT NULL,
  `upi_id` text NOT NULL,
  `trans_id` text NOT NULL,
  `m_name` text NOT NULL,
  `merchant_code` text NOT NULL,
  `ac_holder_name` text NOT NULL,
  `ac_number` text NOT NULL,
  `ifse_code` text NOT NULL,
  `app_link` text NOT NULL,
  `share_msg` text NOT NULL,
  `am_share_msg` text NOT NULL,
  `am_show` text NOT NULL,
  `max_add` text NOT NULL,
  `max_wd` text NOT NULL,
  `min_tran` text NOT NULL,
  `max_tran` text NOT NULL,
  `min_bid` text NOT NULL,
  `max_bid` text NOT NULL,
  `well_bonus` text NOT NULL,
  `wd_open` text NOT NULL,
  `wd_close` text NOT NULL,
  `global_batting` text NOT NULL,
  `email` text NOT NULL
) ENGINE=InnoDB DEFAULT CHARSET=utf8mb4 COLLATE=utf8mb4_general_ci;

--
-- Dumping data for table `basic_table`
--

INSERT INTO `basic_table` (`bs_id`, `whatsapp`, `telegram`, `min_wd`, `min_add`, `upi_id`, `trans_id`, `m_name`, `merchant_code`, `ac_holder_name`, `ac_number`, `ifse_code`, `app_link`, `share_msg`, `am_share_msg`, `am_show`, `max_add`, `max_wd`, `min_tran`, `max_tran`, `min_bid`, `max_bid`, `well_bonus`, `wd_open`, `wd_close`, `global_batting`, `email`) VALUES
(1, '6376280030', '6376280030', '1000', '1', '', '12345', 'merchant547747', '0000', '', '', '', '', '', 'App is in Maintainence', '0', '100000', '100000', '100', '10000', '10', '10000', '10', '10:00 AM', '11:00 PM', '0', '');

-- --------------------------------------------------------

--
-- Table structure for table `bid_table`
--

CREATE TABLE `bid_table` (
  `b_id` int(11) NOT NULL,
  `user_id` int(11) NOT NULL,
  `g_id` int(11) NOT NULL,
  `gt_id` int(11) NOT NULL,
  `session` text NOT NULL,
  `Open_Digits` text NOT NULL,
  `Close_Digits` text NOT NULL,
  `Jodi` text NOT NULL,
  `Open_Panna` text NOT NULL,
  `Close_Panna` text NOT NULL,
  `total_amount` int(11) NOT NULL,
  `date` text NOT NULL
) ENGINE=InnoDB DEFAULT CHARSET=utf8mb4 COLLATE=utf8mb4_general_ci;

--
-- Dumping data for table `bid_table`
--

INSERT INTO `bid_table` (`b_id`, `user_id`, `g_id`, `gt_id`, `session`, `Open_Digits`, `Close_Digits`, `Jodi`, `Open_Panna`, `Close_Panna`, `total_amount`, `date`) VALUES
(1, 2, 9, 1, 'close', '', '1', '', '', '', 10, '09-22-2023 05:58 PM'),
(2, 2, 9, 1, 'close', '', '1', '', '', '', 20, '09-22-2023 05:58 PM'),
(3, 2, 10, 2, '', '', '', '22', '', '', 10, '09-22-2023 05:59 PM'),
(4, 2, 10, 2, '', '', '', '26', '', '', 20, '09-22-2023 05:59 PM'),
(5, 2, 11, 3, 'open', '', '', '', '239', '', 10, '09-22-2023 06:02 PM'),
(6, 2, 11, 3, 'open', '', '', '', '568', '', 10, '09-22-2023 06:02 PM'),
(7, 1, 2, 1, 'close', '', '1', '', '', '', 10, '10-30-2023 11:54 AM');

-- --------------------------------------------------------

--
-- Table structure for table `complant`
--

CREATE TABLE `complant` (
  `cm_id` int(11) NOT NULL,
  `user_id` int(11) NOT NULL,
  `msg` text NOT NULL,
  `date` text NOT NULL
) ENGINE=InnoDB DEFAULT CHARSET=utf8mb4 COLLATE=utf8mb4_general_ci;

--
-- Dumping data for table `complant`
--

INSERT INTO `complant` (`cm_id`, `user_id`, `msg`, `date`) VALUES
(1, 1, 'weqweqwe', '10-02-2023 11:37 AM');

-- --------------------------------------------------------

--
-- Table structure for table `gh_number`
--

CREATE TABLE `gh_number` (
  `ghn_id` int(11) NOT NULL,
  `ank` text NOT NULL,
  `panna` text NOT NULL
) ENGINE=InnoDB DEFAULT CHARSET=utf8mb4 COLLATE=utf8mb4_general_ci;

--
-- Dumping data for table `gh_number`
--

INSERT INTO `gh_number` (`ghn_id`, `ank`, `panna`) VALUES
(1, '0', ''),
(2, '1', ''),
(3, '2', ''),
(4, '3', ''),
(5, '4', ''),
(6, '5', ''),
(7, '6', ''),
(8, '7', ''),
(9, '8', ''),
(10, '9', ''),
(11, '', '000'),
(12, '', '100'),
(13, '', '110'),
(14, '', '111'),
(15, '', '112'),
(16, '', '113'),
(17, '', '114'),
(18, '', '115'),
(19, '', '116'),
(20, '', '117'),
(21, '', '118'),
(22, '', '119'),
(23, '', '120'),
(24, '', '122'),
(25, '', '123'),
(26, '', '124'),
(27, '', '125'),
(28, '', '126'),
(29, '', '127'),
(30, '', '128'),
(31, '', '129'),
(32, '', '130'),
(33, '', '133'),
(34, '', '134'),
(35, '', '135'),
(36, '', '136'),
(37, '', '137'),
(38, '', '138'),
(39, '', '139'),
(40, '', '140'),
(41, '', '144'),
(42, '', '145'),
(43, '', '146'),
(44, '', '147'),
(45, '', '148'),
(46, '', '149'),
(47, '', '150'),
(48, '', '155'),
(49, '', '156'),
(50, '', '157'),
(51, '', '158'),
(52, '', '159'),
(53, '', '160'),
(54, '', '166'),
(55, '', '167'),
(56, '', '168'),
(57, '', '169'),
(58, '', '170'),
(59, '', '177'),
(60, '', '178'),
(61, '', '179'),
(62, '', '180'),
(63, '', '188'),
(64, '', '189'),
(65, '', '190'),
(66, '', '199'),
(67, '', '200'),
(68, '', '220'),
(69, '', '222'),
(70, '', '223'),
(71, '', '224'),
(72, '', '225'),
(73, '', '226'),
(74, '', '227'),
(75, '', '228'),
(76, '', '229'),
(77, '', '230'),
(78, '', '233'),
(79, '', '234'),
(80, '', '235'),
(81, '', '236'),
(82, '', '237'),
(83, '', '238'),
(84, '', '239'),
(85, '', '240'),
(86, '', '244'),
(87, '', '245'),
(88, '', '246'),
(89, '', '247'),
(90, '', '248'),
(91, '', '249'),
(92, '', '250'),
(93, '', '255'),
(94, '', '256'),
(95, '', '257'),
(96, '', '258'),
(97, '', '259'),
(98, '', '260'),
(99, '', '266'),
(100, '', '267'),
(101, '', '268'),
(102, '', '269'),
(103, '', '270'),
(104, '', '277'),
(105, '', '278'),
(106, '', '279'),
(107, '', '280'),
(108, '', '288'),
(109, '', '289'),
(110, '', '290'),
(111, '', '299'),
(112, '', '300'),
(113, '', '330'),
(114, '', '333'),
(115, '', '334'),
(116, '', '335'),
(117, '', '336'),
(118, '', '337'),
(119, '', '338'),
(120, '', '339'),
(121, '', '340'),
(122, '', '344'),
(123, '', '345'),
(124, '', '346'),
(125, '', '347'),
(126, '', '348'),
(127, '', '349'),
(128, '', '350'),
(129, '', '355'),
(130, '', '356'),
(131, '', '357'),
(132, '', '358'),
(133, '', '359'),
(134, '', '360'),
(135, '', '366'),
(136, '', '367'),
(137, '', '368'),
(138, '', '369'),
(139, '', '370'),
(140, '', '377'),
(141, '', '378'),
(142, '', '379'),
(143, '', '380'),
(144, '', '388'),
(145, '', '389'),
(146, '', '390'),
(147, '', '399'),
(148, '', '400'),
(149, '', '440'),
(150, '', '444'),
(151, '', '445'),
(152, '', '446'),
(153, '', '447'),
(154, '', '448'),
(155, '', '449'),
(156, '', '450'),
(157, '', '455'),
(158, '', '456'),
(159, '', '457'),
(160, '', '458'),
(161, '', '459'),
(162, '', '460'),
(163, '', '466'),
(164, '', '467'),
(165, '', '468'),
(166, '', '469'),
(167, '', '470'),
(168, '', '477'),
(169, '', '478'),
(170, '', '479'),
(171, '', '480'),
(172, '', '488'),
(173, '', '489'),
(174, '', '490'),
(175, '', '499'),
(176, '', '500'),
(177, '', '550'),
(178, '', '555'),
(179, '', '556'),
(180, '', '557'),
(181, '', '558'),
(182, '', '559'),
(183, '', '560'),
(184, '', '566'),
(185, '', '567'),
(186, '', '568'),
(187, '', '569'),
(188, '', '570'),
(189, '', '577'),
(190, '', '578'),
(191, '', '579'),
(192, '', '580'),
(193, '', '588'),
(194, '', '589'),
(195, '', '590'),
(196, '', '599'),
(197, '', '600'),
(198, '', '660'),
(199, '', '666'),
(200, '', '667'),
(201, '', '668'),
(202, '', '669'),
(203, '', '670'),
(204, '', '677'),
(205, '', '678'),
(206, '', '679'),
(207, '', '680'),
(208, '', '688'),
(209, '', '689'),
(210, '', '690'),
(211, '', '699'),
(212, '', '700'),
(213, '', '770'),
(214, '', '777'),
(215, '', '778'),
(216, '', '779'),
(217, '', '780'),
(218, '', '788'),
(219, '', '789'),
(220, '', '790'),
(221, '', '799'),
(222, '', '800'),
(223, '', '880'),
(224, '', '888'),
(225, '', '889'),
(226, '', '890'),
(227, '', '899'),
(228, '', '900'),
(229, '', '990'),
(230, '', '999');

-- --------------------------------------------------------

--
-- Table structure for table `gn_type`
--

CREATE TABLE `gn_type` (
  `gt_id` int(11) NOT NULL,
  `gt_name` text NOT NULL
) ENGINE=InnoDB DEFAULT CHARSET=utf8mb4 COLLATE=utf8mb4_general_ci;

--
-- Dumping data for table `gn_type`
--

INSERT INTO `gn_type` (`gt_id`, `gt_name`) VALUES
(1, 'Single Digit'),
(2, 'Jodi Digit'),
(3, 'Single Panna'),
(4, 'Double Panna'),
(5, 'Tripple Panna'),
(6, 'Half Sangam'),
(7, 'Full Sangam');

-- --------------------------------------------------------

--
-- Table structure for table `gs_rate`
--

CREATE TABLE `gs_rate` (
  `gsr_id` int(11) NOT NULL,
  `Single_Digit_Point` text NOT NULL,
  `Single_Digit_Amount` text NOT NULL,
  `Single_Panna_Point` text NOT NULL,
  `Single_Panna_Amount` text NOT NULL,
  `Double_Panna_Point` text NOT NULL,
  `Double_Panna_Amount` text NOT NULL,
  `Tripple_Panna_Point` text NOT NULL,
  `Tripple_Panna_Amount` text NOT NULL
) ENGINE=InnoDB DEFAULT CHARSET=utf8mb4 COLLATE=utf8mb4_general_ci;

--
-- Dumping data for table `gs_rate`
--

INSERT INTO `gs_rate` (`gsr_id`, `Single_Digit_Point`, `Single_Digit_Amount`, `Single_Panna_Point`, `Single_Panna_Amount`, `Double_Panna_Point`, `Double_Panna_Amount`, `Tripple_Panna_Point`, `Tripple_Panna_Amount`) VALUES
(1, '10', '100', '10', '1500', '10', '3000', '10', '7000');

-- --------------------------------------------------------

--
-- Table structure for table `gs_service`
--

CREATE TABLE `gs_service` (
  `g_id` int(11) NOT NULL,
  `g_title` text NOT NULL,
  `open_t` text NOT NULL,
  `status` text NOT NULL,
  `market_status` text NOT NULL
) ENGINE=InnoDB DEFAULT CHARSET=utf8mb4 COLLATE=utf8mb4_general_ci;

--
-- Dumping data for table `gs_service`
--

INSERT INTO `gs_service` (`g_id`, `g_title`, `open_t`, `status`, `market_status`) VALUES
(1, '10:00 AM', '10:00 AM', '1', '1'),
(2, '11:00 AM', '11:00 AM', '1', '1'),
(3, '12:00 PM', '12:00 PM', '1', '1'),
(4, '01:00 PM', '01:00 PM', '1', '1'),
(5, '02:00 PM', '02:00 PM', '1', '1'),
(6, '03:00 PM', '03:00 PM', '1', '1'),
(7, '04:00 PM', '04:00 PM', '1', '1'),
(8, '05:00 PM', '05:00 PM', '1', '1'),
(9, '06:00 PM', '06:00 PM', '1', '1'),
(10, '07:00 PM', '07:00 PM', '1', '1'),
(11, '08:00 PM', '08:00 PM', '1', '1'),
(12, '09:00 PM', '09:00 PM', '1', '1'),
(13, '10:00 PM', '10:00 PM', '1', '1');

-- --------------------------------------------------------

--
-- Table structure for table `g_activity_log`
--

CREATE TABLE `g_activity_log` (
  `activity_log_id` int(20) NOT NULL,
  `user_id` int(20) NOT NULL,
  `username` text NOT NULL,
  `dp_url` text NOT NULL,
  `activity_name` text NOT NULL,
  `activity_amount` text NOT NULL,
  `g_number` varchar(4) NOT NULL,
  `timestamp` varchar(20) NOT NULL
) ENGINE=InnoDB DEFAULT CHARSET=utf8mb4 COLLATE=utf8mb4_general_ci;

-- --------------------------------------------------------

--
-- Table structure for table `g_home`
--

CREATE TABLE `g_home` (
  `g_id` int(11) NOT NULL,
  `g_name` text NOT NULL,
  `g_open_number` text NOT NULL,
  `date` text NOT NULL
) ENGINE=InnoDB DEFAULT CHARSET=utf8mb4 COLLATE=utf8mb4_general_ci;

-- --------------------------------------------------------

--
-- Table structure for table `g_number`
--

CREATE TABLE `g_number` (
  `gn_id` int(11) NOT NULL,
  `gt_id` int(11) NOT NULL,
  `g_number` text NOT NULL,
  `single_ank` text NOT NULL
) ENGINE=InnoDB DEFAULT CHARSET=utf8mb4 COLLATE=utf8mb4_general_ci;

--
-- Dumping data for table `g_number`
--

INSERT INTO `g_number` (`gn_id`, `gt_id`, `g_number`, `single_ank`) VALUES
(1, 1, '0', '0'),
(2, 1, '1', '0'),
(3, 1, '2', '0'),
(4, 1, '3', '0'),
(5, 1, '4', '0'),
(6, 1, '5', '0'),
(7, 1, '6', '0'),
(8, 1, '7', '0'),
(9, 1, '8', '0'),
(10, 1, '9', '0'),
(11, 3, '127', '0'),
(12, 3, '136', '0'),
(13, 3, '145', '0'),
(14, 3, '190', '0'),
(15, 3, '235', '0'),
(16, 3, '280', '0'),
(17, 3, '370', '0'),
(18, 3, '479', '0'),
(19, 3, '460', '0'),
(20, 3, '569', '0'),
(21, 3, '389', '0'),
(22, 3, '578', '0'),
(23, 3, '128', '1'),
(24, 3, '137', '1'),
(25, 3, '146', '1'),
(26, 3, '236', '1'),
(27, 3, '245', '1'),
(28, 3, '290', '1'),
(29, 3, '380', '1'),
(30, 3, '470', '1'),
(31, 3, '489', '1'),
(32, 3, '560', '1'),
(33, 3, '678', '1'),
(34, 3, '579', '1'),
(35, 3, '129', '2'),
(36, 3, '138', '2'),
(37, 3, '147', '2'),
(38, 3, '156', '2'),
(39, 3, '237', '2'),
(40, 3, '246', '2'),
(41, 3, '345', '2'),
(42, 3, '390', '2'),
(43, 3, '480', '2'),
(44, 3, '570', '2'),
(45, 3, '679', '2'),
(46, 3, '589', '2'),
(47, 3, '120', '3'),
(48, 3, '139', '3'),
(50, 3, '148', '3'),
(51, 3, '157', '3'),
(52, 3, '238', '3'),
(53, 3, '247', '3'),
(54, 3, '256', '3'),
(55, 3, '346', '3'),
(56, 3, '490', '3'),
(57, 3, '580', '3'),
(58, 3, '670', '3'),
(59, 3, '689', '3'),
(69, 3, '130', '4'),
(70, 3, '149', '4'),
(71, 3, '158', '4'),
(72, 3, '167', '4'),
(73, 3, '239', '4'),
(74, 3, '248', '4'),
(75, 3, '257', '4'),
(76, 3, '347', '4'),
(77, 3, '356', '4'),
(78, 3, '590', '4'),
(79, 3, '680', '4'),
(80, 3, '789', '4'),
(81, 3, '140', '5'),
(82, 3, '159', '5'),
(83, 3, '168', '5'),
(84, 3, '230', '5'),
(85, 3, '249', '5'),
(86, 3, '258', '5'),
(87, 3, '267', '5'),
(88, 3, '348', '5'),
(89, 3, '357', '5'),
(90, 3, '456', '5'),
(91, 3, '690', '5'),
(92, 3, '780', '5'),
(93, 3, '123', '6'),
(94, 3, '150', '6'),
(95, 3, '169', '6'),
(96, 3, '178', '6'),
(97, 3, '240', '6'),
(98, 3, '259', '6'),
(99, 3, '268', '6'),
(100, 3, '349', '6'),
(101, 3, '358', '6'),
(102, 3, '457', '6'),
(103, 3, '367', '6'),
(104, 3, '790', '6'),
(105, 3, '124', '7'),
(106, 3, '160', '7'),
(107, 3, '179', '7'),
(108, 3, '250', '7'),
(109, 3, '269', '7'),
(110, 3, '278', '7'),
(111, 3, '340', '7'),
(112, 3, '359', '7'),
(113, 3, '368', '7'),
(114, 3, '458', '7'),
(115, 3, '467', '7'),
(116, 3, '890', '7'),
(117, 3, '125', '8'),
(118, 3, '134', '8'),
(119, 3, '170', '8'),
(120, 3, '189', '8'),
(121, 3, '260', '8'),
(122, 3, '279', '8'),
(123, 3, '350', '8'),
(124, 3, '369', '8'),
(125, 3, '378', '8'),
(126, 3, '459', '8'),
(127, 3, '567', '8'),
(128, 3, '468', '8'),
(129, 3, '126', '9'),
(130, 3, '135', '9'),
(131, 3, '180', '9'),
(132, 3, '234', '9'),
(133, 3, '270', '9'),
(134, 3, '289', '9'),
(135, 3, '360', '9'),
(136, 3, '379', '9'),
(137, 3, '450', '9'),
(138, 3, '469', '9'),
(139, 3, '478', '9'),
(140, 3, '568', '9'),
(141, 4, '550', '0'),
(142, 4, '668', '0'),
(143, 4, '244', '0'),
(144, 4, '299', '0'),
(145, 4, '226', '0'),
(146, 4, '488', '0'),
(147, 4, '677', '0'),
(148, 4, '118', '0'),
(149, 4, '334', '0'),
(150, 4, '100', '1'),
(151, 4, '119', '1'),
(152, 4, '155', '1'),
(153, 4, '227', '1'),
(154, 4, '335', '1'),
(155, 4, '344', '1'),
(156, 4, '399', '1'),
(157, 4, '588', '1'),
(158, 4, '660', '1'),
(159, 4, '200', '2'),
(160, 4, '110', '2'),
(161, 4, '228', '2'),
(162, 4, '255', '2'),
(163, 4, '336', '2'),
(164, 4, '499', '2'),
(165, 4, '660', '2'),
(166, 4, '688', '2'),
(167, 4, '778', '2'),
(168, 4, '300', '3'),
(169, 4, '166', '3'),
(170, 4, '229', '3'),
(171, 4, '337', '3'),
(172, 4, '355', '3'),
(173, 4, '445', '3'),
(174, 4, '599', '3'),
(175, 4, '779', '3'),
(176, 4, '788', '3'),
(177, 4, '400', '4'),
(178, 4, '112', '4'),
(179, 4, '220', '4'),
(180, 4, '266', '4'),
(181, 4, '338', '4'),
(182, 4, '446', '4'),
(183, 4, '455', '4'),
(184, 4, '699', '4'),
(185, 4, '770', '4'),
(186, 4, '500', '5'),
(187, 4, '113', '5'),
(188, 4, '122', '5'),
(189, 4, '177', '5'),
(190, 4, '339', '5'),
(191, 4, '366', '5'),
(192, 4, '447', '5'),
(193, 4, '799', '5'),
(194, 4, '889', '5'),
(195, 4, '600', '6'),
(196, 4, '114', '6'),
(197, 4, '277', '6'),
(198, 4, '330', '6'),
(199, 4, '448', '6'),
(200, 4, '466', '6'),
(201, 4, '556', '6'),
(202, 4, '880', '6'),
(203, 4, '899', '6'),
(204, 4, '700', '7'),
(205, 4, '115', '7'),
(206, 4, '133', '7'),
(207, 4, '188', '7'),
(208, 4, '223', '7'),
(209, 4, '377', '7'),
(210, 4, '449', '7'),
(211, 4, '557', '7'),
(212, 4, '566', '7'),
(213, 4, '800', '8'),
(214, 4, '116', '8'),
(215, 4, '224', '8'),
(216, 4, '233', '8'),
(217, 4, '288', '8'),
(218, 4, '440', '8'),
(219, 4, '477', '8'),
(220, 4, '558', '8'),
(221, 4, '990', '8'),
(222, 4, '900', '9'),
(223, 4, '117', '9'),
(224, 4, '144', '9'),
(225, 4, '199', '9'),
(226, 4, '225', '9'),
(227, 4, '388', '9'),
(228, 4, '559', '9'),
(229, 4, '577', '9'),
(230, 4, '667', '9'),
(231, 5, '000', ''),
(232, 5, '111', ''),
(233, 5, '222', ''),
(234, 5, '333', ''),
(235, 5, '444', ''),
(236, 5, '555', ''),
(237, 5, '666', ''),
(238, 5, '777', ''),
(239, 5, '888', ''),
(240, 5, '999', ''),
(341, 2, '00', ''),
(342, 2, '01', ''),
(343, 2, '02', ''),
(344, 2, '03', ''),
(345, 2, '04', ''),
(346, 2, '05', ''),
(347, 2, '06', ''),
(348, 2, '07', ''),
(349, 2, '08', ''),
(350, 2, '09', ''),
(351, 2, '10', ''),
(352, 2, '11', ''),
(353, 2, '12', ''),
(354, 2, '13', ''),
(355, 2, '14', ''),
(356, 2, '15', ''),
(357, 2, '16', ''),
(358, 2, '17', ''),
(359, 2, '18', ''),
(360, 2, '19', ''),
(361, 2, '20', ''),
(362, 2, '21', ''),
(363, 2, '22', ''),
(364, 2, '23', ''),
(365, 2, '24', ''),
(366, 2, '25', ''),
(367, 2, '26', ''),
(368, 2, '27', ''),
(369, 2, '28', ''),
(370, 2, '29', ''),
(371, 2, '30', ''),
(372, 2, '31', ''),
(373, 2, '32', ''),
(374, 2, '33', ''),
(375, 2, '34', ''),
(376, 2, '35', ''),
(377, 2, '36', ''),
(378, 2, '37', ''),
(379, 2, '38', ''),
(380, 2, '39', ''),
(381, 2, '40', ''),
(382, 2, '41', ''),
(383, 2, '42', ''),
(384, 2, '43', ''),
(385, 2, '44', ''),
(386, 2, '45', ''),
(387, 2, '46', ''),
(388, 2, '47', ''),
(389, 2, '48', ''),
(390, 2, '49', ''),
(391, 2, '50', ''),
(392, 2, '51', ''),
(393, 2, '52', ''),
(394, 2, '53', ''),
(395, 2, '54', ''),
(396, 2, '55', ''),
(397, 2, '56', ''),
(398, 2, '57', ''),
(399, 2, '58', ''),
(400, 2, '59', ''),
(401, 2, '60', ''),
(402, 2, '61', ''),
(403, 2, '62', ''),
(404, 2, '63', ''),
(405, 2, '64', ''),
(406, 2, '65', ''),
(407, 2, '66', ''),
(408, 2, '67', ''),
(409, 2, '68', ''),
(410, 2, '69', ''),
(411, 2, '70', ''),
(412, 2, '71', ''),
(413, 2, '72', ''),
(414, 2, '73', ''),
(415, 2, '74', ''),
(416, 2, '75', ''),
(417, 2, '76', ''),
(418, 2, '77', ''),
(419, 2, '78', ''),
(420, 2, '79', ''),
(421, 2, '80', ''),
(422, 2, '81', ''),
(423, 2, '82', ''),
(424, 2, '83', ''),
(425, 2, '84', ''),
(426, 2, '85', ''),
(427, 2, '86', ''),
(428, 2, '87', ''),
(429, 2, '88', ''),
(430, 2, '89', ''),
(431, 2, '90', ''),
(432, 2, '91', ''),
(433, 2, '92', ''),
(434, 2, '93', ''),
(435, 2, '94', ''),
(436, 2, '95', ''),
(437, 2, '96', ''),
(438, 2, '97', ''),
(439, 2, '98', ''),
(440, 2, '99', '');

-- --------------------------------------------------------

--
-- Table structure for table `g_rate`
--

CREATE TABLE `g_rate` (
  `gr_id` int(11) NOT NULL,
  `Single_Digit_Point` text NOT NULL,
  `Single_Digit_Amount` text NOT NULL,
  `Jodi_Digit_Point` text NOT NULL,
  `Jodi_Digit_Amount` text NOT NULL,
  `Single_Panna_Point` text NOT NULL,
  `Single_Panna_Amount` text NOT NULL,
  `Double_Panna_Point` text NOT NULL,
  `Double_Panna_Amount` text NOT NULL,
  `Tripple_Panna_Point` text NOT NULL,
  `Tripple_Panna_Amount` text NOT NULL,
  `Half_Sangam_Point` text NOT NULL,
  `Half_Sangam_Amount` text NOT NULL,
  `Full_Sangam_Point` text NOT NULL,
  `Full_Sangam_Amount` text NOT NULL
) ENGINE=InnoDB DEFAULT CHARSET=utf8mb4 COLLATE=utf8mb4_general_ci;

--
-- Dumping data for table `g_rate`
--

INSERT INTO `g_rate` (`gr_id`, `Single_Digit_Point`, `Single_Digit_Amount`, `Jodi_Digit_Point`, `Jodi_Digit_Amount`, `Single_Panna_Point`, `Single_Panna_Amount`, `Double_Panna_Point`, `Double_Panna_Amount`, `Tripple_Panna_Point`, `Tripple_Panna_Amount`, `Half_Sangam_Point`, `Half_Sangam_Amount`, `Full_Sangam_Point`, `Full_Sangam_Amount`) VALUES
(1, '10', '95', '10', '950', '10', '1400', '10', '2800', '10', '7000', '10', '10000', '10', '100000');

-- --------------------------------------------------------

--
-- Table structure for table `g_service`
--

CREATE TABLE `g_service` (
  `g_id` int(20) NOT NULL,
  `g_title` varchar(200) NOT NULL,
  `g_name_hindi` text NOT NULL,
  `open_t` text NOT NULL,
  `close_t` text NOT NULL,
  `status` text NOT NULL,
  `maket_status` text NOT NULL
) ENGINE=InnoDB DEFAULT CHARSET=utf8mb4 COLLATE=utf8mb4_general_ci;

--
-- Dumping data for table `g_service`
--

INSERT INTO `g_service` (`g_id`, `g_title`, `g_name_hindi`, `open_t`, `close_t`, `status`, `maket_status`) VALUES
(1, 'MILAN MORNING', ' ', '10:00 AM', '11:00 AM', '1', '1'),
(2, 'KALYAN MORNING', ' ', '10:00 AM', '12:30 PM', '1', '1'),
(3, 'SRIDEVI DAY', '', '11:30 AM', '12:30 PM', '1', '1'),
(4, 'TIME BAZAR', ' ', '12:55 PM', '01:55 PM', '1', '1'),
(5, 'MADHUR DAY', ' ', '01:20 PM', '02:20 PM', '1', '1'),
(6, 'MILAN DAY', ' ', '02:55 PM', '04:55 PM', '1', '1'),
(7, 'RAJDHANI DAY', ' ', '02:55 PM', '04:55 PM', '1', '1'),
(8, 'SUPREME DAY', ' ', '03:30 PM', '05:30 PM', '1', '1'),
(9, 'KALYAN', '', '04:00 PM', '06:00 PM', '1', '1'),
(10, 'SRIDEVI NIGHT', ' ', '06:50 PM', '07:50 PM', '1', '1'),
(11, 'MADHUR NIGHT', ' ', '08:20 PM', '10:20 PM', '1', '1'),
(12, 'SUPREME NIGHT', ' ', '08:30 PM', '10:30 PM', '1', '1'),
(13, 'MILAN NIGHT', ' ', '08:55 PM', '10:55 PM', '1', '1'),
(14, 'KALYAN NIGHT', ' ', '09:20 PM', '11:25 PM', '1', '1'),
(15, 'RAJDHANI NIGHT', ' ', '09:20 PM', '11:20 PM', '1', '1'),
(16, 'MAIN BAZAR', ' ', '09:25 PM', '11:50 PM', '1', '1'),
(17, 'Old Main Mumbai', 'Old Main Mumbai', '09:25 PM', '11:55 PM', '1', '1'),
(18, 'NEW KALYAN', ' ', '09:30 PM', '10:30 PM', '1', '1'),
(19, 'MAA LAXMI DAY', '  ', '03:30 PM', '05:30 PM', '1', '1');

-- --------------------------------------------------------

--
-- Table structure for table `p_mathod`
--

CREATE TABLE `p_mathod` (
  `pm_id` int(11) NOT NULL,
  `user_id` int(11) NOT NULL,
  `name` text NOT NULL,
  `number` text NOT NULL,
  `ac_h_name` text NOT NULL,
  `ifsc` text NOT NULL,
  `b_name` text NOT NULL,
  `b_add` text NOT NULL,
  `date` text NOT NULL
) ENGINE=InnoDB DEFAULT CHARSET=utf8mb4 COLLATE=utf8mb4_general_ci;

-- --------------------------------------------------------

--
-- Table structure for table `result_de`
--

CREATE TABLE `result_de` (
  `re_id` int(11) NOT NULL,
  `g_id` text NOT NULL,
  `result_date` text NOT NULL,
  `open_date` text NOT NULL,
  `close_date` text NOT NULL,
  `Open_Panna` text NOT NULL,
  `Close_Panna` text NOT NULL
) ENGINE=InnoDB DEFAULT CHARSET=utf8mb4 COLLATE=utf8mb4_general_ci;

-- --------------------------------------------------------

--
-- Table structure for table `sresult_de`
--

CREATE TABLE `sresult_de` (
  `re_id` int(11) NOT NULL,
  `g_id` text NOT NULL,
  `result_date` text NOT NULL,
  `open_date` text NOT NULL,
  `Open_Panna` text NOT NULL
) ENGINE=InnoDB DEFAULT CHARSET=utf8mb4 COLLATE=utf8mb4_general_ci;

-- --------------------------------------------------------

--
-- Table structure for table `swin_table`
--

CREATE TABLE `swin_table` (
  `swin_id` int(11) NOT NULL,
  `user_id` int(11) NOT NULL,
  `b_id` int(11) NOT NULL,
  `re_id` text NOT NULL,
  `total_amount` int(11) NOT NULL,
  `win_amount` text NOT NULL,
  `date` text NOT NULL
) ENGINE=InnoDB DEFAULT CHARSET=utf8mb4 COLLATE=utf8mb4_general_ci;

-- --------------------------------------------------------

--
-- Table structure for table `s_bid_table`
--

CREATE TABLE `s_bid_table` (
  `b_id` int(11) NOT NULL,
  `user_id` text NOT NULL,
  `g_id` text NOT NULL,
  `gt_id` text NOT NULL,
  `Digits` text NOT NULL,
  `Panna` text NOT NULL,
  `total_amount` text NOT NULL,
  `date` text NOT NULL
) ENGINE=InnoDB DEFAULT CHARSET=utf8mb4 COLLATE=utf8mb4_general_ci;

--
-- Dumping data for table `s_bid_table`
--

INSERT INTO `s_bid_table` (`b_id`, `user_id`, `g_id`, `gt_id`, `Digits`, `Panna`, `total_amount`, `date`) VALUES
(1, '2', '10', '3', '', '127', '10', '09-22-2023 06:02 PM'),
(2, '2', '10', '3', '', '123', '10', '09-22-2023 06:06 PM'),
(3, '2', '10', '1', '1', '', '10', '09-22-2023 06:10 PM');

-- --------------------------------------------------------

--
-- Table structure for table `transactions`
--

CREATE TABLE `transactions` (
  `transaction_id` int(11) NOT NULL,
  `wallet_id` int(11) NOT NULL,
  `amount` text NOT NULL,
  `type` text NOT NULL,
  `t_for` text NOT NULL,
  `status` text NOT NULL,
  `date` text NOT NULL
) ENGINE=InnoDB DEFAULT CHARSET=utf8mb4 COLLATE=utf8mb4_general_ci;

--
-- Dumping data for table `transactions`
--

INSERT INTO `transactions` (`transaction_id`, `wallet_id`, `amount`, `type`, `t_for`, `status`, `date`) VALUES
(1, 1, '10', '1', 'bonus', '1', '10-02-2023 11:24 AM'),
(2, 2, '10', '1', 'bonus', '1', '10-07-2023 08:29 PM'),
(3, 1, '10', '0', 'bid', '1', '10-30-2023 11:54 AM'),
(4, 3, '10', '1', 'bonus', '1', '11-03-2023 05:36 PM'),
(5, 4, '10', '1', 'bonus', '1', '11-03-2023 05:44 PM');

-- --------------------------------------------------------

--
-- Table structure for table `transactionstatus`
--

CREATE TABLE `transactionstatus` (
  `status_id` int(11) NOT NULL,
  `status_name` varchar(255) NOT NULL,
  `date` timestamp NOT NULL DEFAULT current_timestamp() ON UPDATE current_timestamp()
) ENGINE=InnoDB DEFAULT CHARSET=utf8mb4 COLLATE=utf8mb4_general_ci;

-- --------------------------------------------------------

--
-- Table structure for table `user_log`
--

CREATE TABLE `user_log` (
  `user_id` int(11) NOT NULL,
  `user_name` text NOT NULL,
  `user_number` text NOT NULL,
  `pin` text NOT NULL,
  `status` int(11) NOT NULL,
  `date` text NOT NULL
) ENGINE=InnoDB DEFAULT CHARSET=utf8mb4 COLLATE=utf8mb4_general_ci;

--
-- Dumping data for table `user_log`
--

INSERT INTO `user_log` (`user_id`, `user_name`, `user_number`, `pin`, `status`, `date`) VALUES
(2, 'Ra', '6376280030', '$2y$10$lhqJS2T6t9qwAxoedrVEpuE8V0w5VJthwORDIilRZzM7jN41MZaGO', 0, '10-07-2023 08:29 PM'),
(4, 'Test', '1234567890', '$2y$10$pV3pi8zC1bSRneeFji46H.VZVs7FHkztDbNhvFfuGIH2dYqoyoy1m', 1, '11-03-2023 05:44 PM');

-- --------------------------------------------------------

--
-- Table structure for table `user_log_a`
--

CREATE TABLE `user_log_a` (
  `log_id` int(11) NOT NULL,
  `user_id` text NOT NULL,
  `date` text NOT NULL
) ENGINE=InnoDB DEFAULT CHARSET=utf8mb4 COLLATE=utf8mb4_general_ci;

--
-- Dumping data for table `user_log_a`
--

INSERT INTO `user_log_a` (`log_id`, `user_id`, `date`) VALUES
(1, '22', '09-20-2023 12:17 AM'),
(2, '2', '10-17-2023 04:07 PM'),
(3, '3', '11-03-2023 05:36 PM'),
(4, '1', '11-03-2023 10:37 AM'),
(5, '4', '11-04-2023 02:53 PM');

-- --------------------------------------------------------

--
-- Table structure for table `wallet`
--

CREATE TABLE `wallet` (
  `wallet_id` int(11) NOT NULL,
  `user_id` text NOT NULL,
  `total_amount` text NOT NULL,
  `status` int(1) NOT NULL,
  `date` text NOT NULL
) ENGINE=InnoDB DEFAULT CHARSET=utf8mb4 COLLATE=utf8mb4_general_ci;

--
-- Dumping data for table `wallet`
--

INSERT INTO `wallet` (`wallet_id`, `user_id`, `total_amount`, `status`, `date`) VALUES
(2, '2', '10', 0, '10-07-2023 08:29 PM'),
(4, '4', '10', 0, '11-03-2023 05:44 PM');

-- --------------------------------------------------------

--
-- Table structure for table `widrow`
--

CREATE TABLE `widrow` (
  `wd_id` int(11) NOT NULL,
  `wallet_id` text NOT NULL,
  `amount` text NOT NULL,
  `pm_id` text NOT NULL,
  `status_wd` text NOT NULL,
  `date` text NOT NULL
) ENGINE=InnoDB DEFAULT CHARSET=utf8mb4 COLLATE=utf8mb4_general_ci;

-- --------------------------------------------------------

--
-- Table structure for table `win_table`
--

CREATE TABLE `win_table` (
  `win_id` int(11) NOT NULL,
  `user_id` int(11) NOT NULL,
  `b_id` int(11) NOT NULL,
  `re_id` text NOT NULL,
  `session` text NOT NULL,
  `total_amount` int(11) NOT NULL,
  `win_amount` text NOT NULL,
  `date` text NOT NULL
) ENGINE=InnoDB DEFAULT CHARSET=utf8mb4 COLLATE=utf8mb4_general_ci;

--
-- Indexes for dumped tables
--

--
-- Indexes for table `admin`
--
ALTER TABLE `admin`
  ADD PRIMARY KEY (`user_id`);

--
-- Indexes for table `banner`
--
ALTER TABLE `banner`
  ADD PRIMARY KEY (`bn_id`);

--
-- Indexes for table `basic_table`
--
ALTER TABLE `basic_table`
  ADD PRIMARY KEY (`bs_id`);

--
-- Indexes for table `bid_table`
--
ALTER TABLE `bid_table`
  ADD PRIMARY KEY (`b_id`);

--
-- Indexes for table `complant`
--
ALTER TABLE `complant`
  ADD PRIMARY KEY (`cm_id`);

--
-- Indexes for table `gh_number`
--
ALTER TABLE `gh_number`
  ADD PRIMARY KEY (`ghn_id`);

--
-- Indexes for table `gn_type`
--
ALTER TABLE `gn_type`
  ADD PRIMARY KEY (`gt_id`);

--
-- Indexes for table `gs_rate`
--
ALTER TABLE `gs_rate`
  ADD PRIMARY KEY (`gsr_id`);

--
-- Indexes for table `gs_service`
--
ALTER TABLE `gs_service`
  ADD PRIMARY KEY (`g_id`);

--
-- Indexes for table `g_activity_log`
--
ALTER TABLE `g_activity_log`
  ADD PRIMARY KEY (`activity_log_id`);

--
-- Indexes for table `g_home`
--
ALTER TABLE `g_home`
  ADD PRIMARY KEY (`g_id`);

--
-- Indexes for table `g_number`
--
ALTER TABLE `g_number`
  ADD PRIMARY KEY (`gn_id`);

--
-- Indexes for table `g_rate`
--
ALTER TABLE `g_rate`
  ADD PRIMARY KEY (`gr_id`);

--
-- Indexes for table `g_service`
--
ALTER TABLE `g_service`
  ADD PRIMARY KEY (`g_id`);

--
-- Indexes for table `p_mathod`
--
ALTER TABLE `p_mathod`
  ADD PRIMARY KEY (`pm_id`);

--
-- Indexes for table `result_de`
--
ALTER TABLE `result_de`
  ADD PRIMARY KEY (`re_id`);

--
-- Indexes for table `sresult_de`
--
ALTER TABLE `sresult_de`
  ADD PRIMARY KEY (`re_id`);

--
-- Indexes for table `swin_table`
--
ALTER TABLE `swin_table`
  ADD PRIMARY KEY (`swin_id`);

--
-- Indexes for table `s_bid_table`
--
ALTER TABLE `s_bid_table`
  ADD PRIMARY KEY (`b_id`);

--
-- Indexes for table `transactions`
--
ALTER TABLE `transactions`
  ADD PRIMARY KEY (`transaction_id`);

--
-- Indexes for table `transactionstatus`
--
ALTER TABLE `transactionstatus`
  ADD PRIMARY KEY (`status_id`);

--
-- Indexes for table `user_log`
--
ALTER TABLE `user_log`
  ADD PRIMARY KEY (`user_id`);

--
-- Indexes for table `user_log_a`
--
ALTER TABLE `user_log_a`
  ADD PRIMARY KEY (`log_id`);

--
-- Indexes for table `wallet`
--
ALTER TABLE `wallet`
  ADD PRIMARY KEY (`wallet_id`);

--
-- Indexes for table `widrow`
--
ALTER TABLE `widrow`
  ADD PRIMARY KEY (`wd_id`);

--
-- Indexes for table `win_table`
--
ALTER TABLE `win_table`
  ADD PRIMARY KEY (`win_id`);

--
-- AUTO_INCREMENT for dumped tables
--

--
-- AUTO_INCREMENT for table `admin`
--
ALTER TABLE `admin`
  MODIFY `user_id` int(11) NOT NULL AUTO_INCREMENT, AUTO_INCREMENT=2;

--
-- AUTO_INCREMENT for table `banner`
--
ALTER TABLE `banner`
  MODIFY `bn_id` int(11) NOT NULL AUTO_INCREMENT, AUTO_INCREMENT=11;

--
-- AUTO_INCREMENT for table `basic_table`
--
ALTER TABLE `basic_table`
  MODIFY `bs_id` int(11) NOT NULL AUTO_INCREMENT, AUTO_INCREMENT=2;

--
-- AUTO_INCREMENT for table `bid_table`
--
ALTER TABLE `bid_table`
  MODIFY `b_id` int(11) NOT NULL AUTO_INCREMENT, AUTO_INCREMENT=8;

--
-- AUTO_INCREMENT for table `complant`
--
ALTER TABLE `complant`
  MODIFY `cm_id` int(11) NOT NULL AUTO_INCREMENT, AUTO_INCREMENT=2;

--
-- AUTO_INCREMENT for table `gh_number`
--
ALTER TABLE `gh_number`
  MODIFY `ghn_id` int(11) NOT NULL AUTO_INCREMENT, AUTO_INCREMENT=231;

--
-- AUTO_INCREMENT for table `gn_type`
--
ALTER TABLE `gn_type`
  MODIFY `gt_id` int(11) NOT NULL AUTO_INCREMENT, AUTO_INCREMENT=8;

--
-- AUTO_INCREMENT for table `gs_rate`
--
ALTER TABLE `gs_rate`
  MODIFY `gsr_id` int(11) NOT NULL AUTO_INCREMENT, AUTO_INCREMENT=2;

--
-- AUTO_INCREMENT for table `gs_service`
--
ALTER TABLE `gs_service`
  MODIFY `g_id` int(11) NOT NULL AUTO_INCREMENT, AUTO_INCREMENT=14;

--
-- AUTO_INCREMENT for table `g_activity_log`
--
ALTER TABLE `g_activity_log`
  MODIFY `activity_log_id` int(20) NOT NULL AUTO_INCREMENT;

--
-- AUTO_INCREMENT for table `g_home`
--
ALTER TABLE `g_home`
  MODIFY `g_id` int(11) NOT NULL AUTO_INCREMENT;

--
-- AUTO_INCREMENT for table `g_number`
--
ALTER TABLE `g_number`
  MODIFY `gn_id` int(11) NOT NULL AUTO_INCREMENT, AUTO_INCREMENT=441;

--
-- AUTO_INCREMENT for table `g_rate`
--
ALTER TABLE `g_rate`
  MODIFY `gr_id` int(11) NOT NULL AUTO_INCREMENT, AUTO_INCREMENT=2;

--
-- AUTO_INCREMENT for table `g_service`
--
ALTER TABLE `g_service`
  MODIFY `g_id` int(20) NOT NULL AUTO_INCREMENT, AUTO_INCREMENT=20;

--
-- AUTO_INCREMENT for table `p_mathod`
--
ALTER TABLE `p_mathod`
  MODIFY `pm_id` int(11) NOT NULL AUTO_INCREMENT;

--
-- AUTO_INCREMENT for table `result_de`
--
ALTER TABLE `result_de`
  MODIFY `re_id` int(11) NOT NULL AUTO_INCREMENT;

--
-- AUTO_INCREMENT for table `sresult_de`
--
ALTER TABLE `sresult_de`
  MODIFY `re_id` int(11) NOT NULL AUTO_INCREMENT;

--
-- AUTO_INCREMENT for table `swin_table`
--
ALTER TABLE `swin_table`
  MODIFY `swin_id` int(11) NOT NULL AUTO_INCREMENT;

--
-- AUTO_INCREMENT for table `s_bid_table`
--
ALTER TABLE `s_bid_table`
  MODIFY `b_id` int(11) NOT NULL AUTO_INCREMENT, AUTO_INCREMENT=4;

--
-- AUTO_INCREMENT for table `transactions`
--
ALTER TABLE `transactions`
  MODIFY `transaction_id` int(11) NOT NULL AUTO_INCREMENT, AUTO_INCREMENT=6;

--
-- AUTO_INCREMENT for table `transactionstatus`
--
ALTER TABLE `transactionstatus`
  MODIFY `status_id` int(11) NOT NULL AUTO_INCREMENT;

--
-- AUTO_INCREMENT for table `user_log`
--
ALTER TABLE `user_log`
  MODIFY `user_id` int(11) NOT NULL AUTO_INCREMENT, AUTO_INCREMENT=5;

--
-- AUTO_INCREMENT for table `user_log_a`
--
ALTER TABLE `user_log_a`
  MODIFY `log_id` int(11) NOT NULL AUTO_INCREMENT, AUTO_INCREMENT=6;

--
-- AUTO_INCREMENT for table `wallet`
--
ALTER TABLE `wallet`
  MODIFY `wallet_id` int(11) NOT NULL AUTO_INCREMENT, AUTO_INCREMENT=5;

--
-- AUTO_INCREMENT for table `widrow`
--
ALTER TABLE `widrow`
  MODIFY `wd_id` int(11) NOT NULL AUTO_INCREMENT;

--
-- AUTO_INCREMENT for table `win_table`
--
ALTER TABLE `win_table`
  MODIFY `win_id` int(11) NOT NULL AUTO_INCREMENT;
COMMIT;

/*!40101 SET CHARACTER_SET_CLIENT=@OLD_CHARACTER_SET_CLIENT */;
/*!40101 SET CHARACTER_SET_RESULTS=@OLD_CHARACTER_SET_RESULTS */;
/*!40101 SET COLLATION_CONNECTION=@OLD_COLLATION_CONNECTION */;
